player_name,club,position,total_attempts,blocked,attempts_match_played,balls_recoverd,tackles,clearance_attempted,fouls_committed,fouls_suffered,red,pass_accuracy,pass_attempted,cross_accuracy,cross_attempted,freekicks_taken,distance_covered,performance_score,need_to_be_sold,status
Abubakari,Malmö,Forward,0.16,0.0,0.3076923076923077,0.03940886699507389,0.13333333333333333,0.11428571428571428,0.4444444444444444,0.26666666666666666,0.0,0.7678503245513555,0.06560636182902584,0.0,0.05714285714285714,0.0,0.11503759398496241,0.16476456472838275,1,Sell
Adán,Sporting CP,Goalkeeper,0.0,0.0,0.0,0.0,0.0,0.0,0.0,0.0,0.0,0.5754104620084002,0.46322067594433397,0.0,0.0,1.0,0.27293233082706764,0.15410423125198677,1,Sell
Agüero,Barcelona,Forward,0.08,0.4,0.07692307692307693,0.0,0.0,0.0,0.0,0.0,0.0,0.0,0.0,0.0,0.0,0.0,0.014285714285714284,0.03808058608058608,1,Sell
Al. Miranchuk,Atalanta,Forward,0.0,0.0,0.0,0.03940886699507389,0.06666666666666667,0.0,0.07407407407407407,0.06666666666666667,0.0,0.0,0.0,0.0,0.0,0.0,0.03609022556390977,0.018860433331092736,1,Sell
Alcácer,Villarreal,Forward,0.32,0.4,0.23076923076923078,0.03940886699507389,0.0,0.0,0.07407407407407407,0.0,0.0,0.0,0.0,0.0,0.0,0.0,0.07518796992481203,0.07596267611754606,1,Sell
Alex Teixeira,Beşiktaş,Midfielder,0.08,0.0,0.23076923076923078,0.13793103448275862,0.13333333333333333,0.0,0.14814814814814814,0.26666666666666666,0.4,0.8274150439098893,0.09940357852882703,0.0,0.0,0.0,0.1398496240601504,0.16423444399326698,1,Sell
Andriyevskiy,Dynamo Kyiv,Midfielder,0.0,0.0,0.0,0.11822660098522167,0.06666666666666667,0.0,0.0,0.0,0.0,0.8778159602901872,0.09542743538767395,0.0,0.0,0.13333333333333333,0.09699248120300752,0.09256416519107269,1,Sell
Athanasiadis,Sheriff,Goalkeeper,0.0,0.0,0.0,0.0,0.0,0.0,0.0,0.0,0.0,0.5601374570446738,0.30616302186878724,0.0,0.0,0.6666666666666666,0.1706766917293233,0.11357625582063006,1,Sell
Augustinsson,Sevilla,Defender,0.0,0.0,0.0,0.09852216748768473,0.13333333333333333,0.0,0.14814814814814814,0.2,0.4,0.0,0.0,0.0,0.0,0.0,0.08345864661654134,0.07089748637238051,1,Sell
Aurier,Villarreal,Defender,0.08,0.0,0.38461538461538464,0.17733990147783252,0.2,0.2857142857142857,0.07407407407407407,0.06666666666666667,0.0,0.905307369224895,0.13121272365805167,0.0,0.11428571428571428,0.0,0.11954887218045113,0.1692509994598237,1,Sell
Bailly,Man. United,Defender,0.0,0.0,0.0,0.21674876847290642,0.13333333333333333,0.6285714285714286,0.14814814814814814,0.13333333333333333,0.0,0.900725467735777,0.21272365805168983,0.0,0.0,0.06666666666666667,0.14135338345864662,0.17210694585146202,1,Sell
Bakayoko,Milan,Defender,0.16,0.4,0.23076923076923078,0.059113300492610835,0.06666666666666667,0.0,0.07407407407407407,0.26666666666666666,0.4,0.0,0.0,0.0,0.0,0.0,0.060902255639097735,0.11454614628722311,1,Sell
Balde,Barcelona,Defender,0.08,0.0,0.15384615384615385,0.0,0.0,0.0,0.07407407407407407,0.0,0.0,0.0,0.0,0.0,0.0,0.0,0.027819548872180452,0.02238265178616056,1,Sell
Bale,Real Madrid,Forward,0.0,0.0,0.0,0.0,0.0,0.0,0.0,0.0,0.0,0.0,0.0,0.0,0.0,0.0,0.01654135338345865,0.0011027568922305766,1,Sell
Ballo,Milan,Defender,0.0,0.0,0.0,0.13793103448275862,0.13333333333333333,0.05714285714285714,0.14814814814814814,0.13333333333333333,0.0,0.7403589156166477,0.06163021868787276,0.0,0.05714285714285714,0.06666666666666667,0.08721804511278194,0.10819369397781713,1,Sell
Ben Arfa,LOSC,Midfielder,0.08,0.4,0.15384615384615385,0.0,0.0,0.0,0.07407407407407407,0.06666666666666667,0.4,0.0,0.0,0.0,0.0,0.0,0.02706766917293233,0.08011030425065514,1,Sell
Berkay Vardar,Beşiktaş,Midfielder,0.0,0.0,0.0,0.0,0.0,0.0,0.0,0.0,0.0,0.0,0.0,0.0,0.0,0.0,0.014285714285714284,0.0009523809523809523,1,Sell
Bernardo,Salzburg,Defender,0.0,0.0,0.0,0.03940886699507389,0.0,0.05714285714285714,0.0,0.0,0.0,0.0,0.0,0.0,0.0,0.0,0.031578947368421054,0.00854204476709014,1,Sell
Blanco,Real Madrid,Midfielder,0.0,0.0,0.0,0.0,0.0,0.0,0.0,0.0,0.0,0.0,0.0,0.0,0.0,0.0,0.009774436090225564,0.0006516290726817042,1,Sell
Bondar,Shakhtar Donetsk,Defender,0.08,0.0,0.07692307692307693,0.17733990147783252,0.0,0.11428571428571428,0.07407407407407407,0.0,0.0,0.9389079801450935,0.20874751491053675,0.0,0.0,0.2,0.07669172932330826,0.12979799940930908,1,Sell
Bondarenko,Shakhtar Donetsk,Midfielder,0.16,0.0,0.15384615384615385,0.03940886699507389,0.13333333333333333,0.0,0.07407407407407407,0.13333333333333333,0.0,0.0,0.0,0.0,0.0,0.0,0.0887218045112782,0.052181171072883115,1,Sell
Bonnah,Leipzig,Midfielder,0.0,0.0,0.0,0.019704433497536946,0.06666666666666667,0.11428571428571428,0.0,0.0,0.0,0.0,0.0,0.0,0.0,0.0,0.012030075187969926,0.014179125975859188,1,Sell
Bounou,Sevilla,Goalkeeper,0.0,0.0,0.0,0.0,0.0,0.0,0.07407407407407407,0.0,0.0,0.7586865215731196,0.36779324055666,0.0,0.05714285714285714,0.8,0.2796992481203008,0.15582639609780075,1,Sell
Boyko,Dynamo Kyiv,Goalkeeper,0.0,0.0,0.0,0.0,0.0,0.0,0.0,0.0,0.0,0.6334478808705613,0.06163021868787276,0.0,0.0,0.13333333333333333,0.03383458646616541,0.057483067957195516,1,Sell
Bradarić,LOSC,Defender,0.0,0.0,0.0,0.019704433497536946,0.06666666666666667,0.05714285714285714,0.07407407407407407,0.0,0.0,0.0,0.0,0.0,0.0,0.0,0.015037593984962405,0.015508375024406483,1,Sell
Bradley,Liverpool,Midfielder,0.0,0.0,0.0,0.0,0.0,0.0,0.0,0.0,0.0,0.0,0.0,0.0,0.0,0.0,0.0030075187969924814,0.0002005012531328321,1,Sell
Brobbey,Ajax,Forward,0.08,0.0,0.38461538461538464,0.0,0.0,0.0,0.0,0.0,0.0,0.0,0.0,0.0,0.0,0.0,0.0,0.030974358974358976,1,Sell
Brobbey,Leipzig,Forward,0.0,0.0,0.0,0.03940886699507389,0.06666666666666667,0.05714285714285714,0.2222222222222222,0.2,0.0,0.15387552500954577,0.04572564612326043,0.0,0.11428571428571428,0.0,0.10751879699248121,0.06712308636252144,1,Sell
Bruno Costa,Porto,Midfielder,0.0,0.0,0.0,0.0,0.0,0.0,0.0,0.0,0.0,0.0,0.0,0.0,0.0,0.0,0.015037593984962405,0.0010025062656641604,1,Sell
Burak Yilmaz,LOSC,Forward,1.0,1.0,0.5384615384615385,0.0,0.0,0.0,0.0,0.0,0.0,0.0,0.0,0.0,0.0,0.0,0.0,0.1692307692307692,1,Sell
Bushchan,Dynamo Kyiv,Goalkeeper,0.0,0.0,0.0,0.0,0.0,0.0,0.0,0.0,0.0,0.5876288659793816,0.3976143141153081,0.0,0.0,1.0,0.1924812030075188,0.14518162554014724,1,Sell
Bürgy,Young Boys,Defender,0.08,0.0,0.15384615384615385,0.2561576354679803,0.0,0.2857142857142857,0.07407407407407407,0.26666666666666666,0.0,0.8778159602901872,0.25844930417495027,0.0,0.0,0.3333333333333333,0.1609022556390977,0.18313064461378195,1,Sell
Carson,Man. City,Goalkeeper,0.0,0.0,0.0,0.0,0.0,0.0,0.0,0.0,0.0,0.0,0.0,0.0,0.0,0.0,0.008270676691729324,0.0005513784461152883,1,Sell
Casteels,Wolfsburg,Goalkeeper,0.0,0.0,0.0,0.0,0.0,0.0,0.0,0.0,0.0,0.5937380679648723,0.3618290258449304,0.0,0.0,0.6666666666666666,0.23157894736842105,0.12358751385632603,1,Sell
Cavani,Man. United,Forward,0.08,0.0,0.3076923076923077,0.0,0.0,0.0,0.14814814814814814,0.06666666666666667,0.4,0.0,0.0,0.0,0.0,0.0,0.08796992481203006,0.07269846982127685,1,Sell
Ceballos,Real Madrid,Midfielder,0.0,0.0,0.0,0.03940886699507389,0.13333333333333333,0.05714285714285714,0.0,0.0,0.0,0.0,0.0,0.0,0.0,0.0,0.05864661654135338,0.019235444934174516,1,Sell
Celeadnic,Sheriff,Goalkeeper,0.0,0.0,0.0,0.0,0.0,0.0,0.0,0.0,0.0,0.7403589156166477,0.06163021868787276,0.0,0.0,0.13333333333333333,0.035338345864661655,0.06471072090016769,1,Sell
Chiellini,Juventus,Defender,0.0,0.0,0.0,0.0,0.0,0.0,0.07407407407407407,0.0,0.0,0.0,0.0,0.0,0.0,0.0,0.009774436090225564,0.005589900677619975,1,Sell
Choupo-Moting,Bayern,Midfielder,0.24,0.4,0.3076923076923077,0.0,0.0,0.0,0.14814814814814814,0.06666666666666667,0.0,0.0,0.0,0.0,0.0,0.0,0.05037593984962406,0.08085887082378311,1,Sell
Chukwueze,Villarreal,Midfielder,0.24,0.0,0.6923076923076923,0.09852216748768473,0.06666666666666667,0.11428571428571428,0.4444444444444444,0.13333333333333333,0.0,0.4547537227949599,0.09940357852882703,0.0,0.11428571428571428,0.06666666666666667,0.2781954887218045,0.18685767930156724,1,Sell
Cojocari,Sheriff,Defender,0.0,0.0,0.0,0.0,0.0,0.0,0.0,0.0,0.0,0.0,0.0,0.0,0.0,0.0,0.0037593984962406013,0.0002506265664160401,1,Sell
Cojocaru,Sheriff,Midfielder,0.0,0.0,0.0,0.019704433497536946,0.06666666666666667,0.05714285714285714,0.07407407407407407,0.0,0.4,0.0,0.0,0.0,0.0,0.0,0.02706766917293233,0.04297704670360448,1,Sell
Correa,Inter,Forward,0.08,0.0,0.38461538461538464,0.0,0.0,0.0,0.07407407407407407,0.13333333333333333,0.0,0.8900343642611683,0.05367793240556659,0.0,0.05714285714285714,0.0,0.11127819548872181,0.11894374275474039,1,Sell
Coutinho,Barcelona,Forward,0.32,0.4,0.3076923076923077,0.019704433497536946,0.0,0.0,0.07407407407407407,0.26666666666666666,0.0,0.7861779305078274,0.13121272365805167,0.0,0.17142857142857143,0.06666666666666667,0.10751879699248121,0.1767428114122789,1,Sell
D'Ambrosio,Inter,Defender,0.16,0.0,0.23076923076923078,0.13793103448275862,0.2,0.0,0.2962962962962963,0.06666666666666667,0.4,0.8885070637647958,0.1272365805168986,0.0,0.17142857142857143,0.13333333333333333,0.14436090225563908,0.19710197863427933,1,Sell
Da Graca,Juventus,Forward,0.0,0.0,0.0,0.0,0.0,0.0,0.0,0.0,0.0,0.0,0.0,0.0,0.0,0.0,0.006015037593984963,0.0004010025062656642,1,Sell
Dahlin,Malmö,Goalkeeper,0.0,0.0,0.0,0.0,0.0,0.0,0.07407407407407407,0.0,0.4,0.31271477663230246,0.19483101391650098,0.0,0.0,0.8666666666666667,0.10676691729323307,0.13033689657218514,1,Sell
Daramy,Ajax,Forward,0.32,0.0,0.15384615384615385,0.019704433497536946,0.0,0.05714285714285714,0.0,0.0,0.0,0.0,0.0,0.0,0.0,0.0,0.0481203007518797,0.0399209163492285,1,Sell
De Gea,Man. United,Goalkeeper,0.0,0.0,0.0,0.0,0.0,0.0,0.0,0.0,0.0,0.6426116838487972,0.32604373757455263,0.0,0.0,0.6,0.19849624060150373,0.11781011080165689,1,Sell
De Winter,Juventus,Defender,0.0,0.0,0.0,0.09852216748768473,0.06666666666666667,0.0,0.07407407407407407,0.06666666666666667,0.0,0.0,0.0,0.0,0.0,0.0,0.081203007518797,0.02580883882759261,1,Sell
Delap,Man. City,Forward,0.0,0.0,0.0,0.019704433497536946,0.0,0.0,0.14814814814814814,0.0,0.0,0.0,0.0,0.0,0.0,0.0,0.009022556390977442,0.011791675869110835,1,Sell
Dembélé,Barcelona,Forward,0.32,0.4,0.23076923076923078,0.03940886699507389,0.06666666666666667,0.0,0.07407407407407407,0.13333333333333333,0.0,0.6181748759068348,0.11332007952286281,0.32,0.5714285714285714,0.0,0.11127819548872181,0.19989692627902458,1,Sell
Demir,Barcelona,Midfielder,0.16,0.0,0.23076923076923078,0.019704433497536946,0.0,0.0,0.07407407407407407,0.06666666666666667,0.0,0.8426880488736159,0.0934393638170974,0.0,0.0,0.0,0.0962406015037594,0.10557216128013208,1,Sell
Dentinho,Shakhtar Donetsk,Midfielder,0.0,0.0,0.0,0.0,0.0,0.0,0.07407407407407407,0.0,0.4,0.0,0.0,0.0,0.0,0.0,0.007518796992481203,0.03210619140443702,1,Sell
Diallo,Man. United,Midfielder,0.16,0.4,0.07692307692307693,0.07881773399014778,0.0,0.0,0.07407407407407407,0.06666666666666667,0.0,0.0,0.0,0.0,0.0,0.0,0.062406015037593986,0.061259171112770634,1,Sell
Diallo,Paris,Defender,0.0,0.0,0.0,0.2955665024630542,0.06666666666666667,0.5714285714285714,0.2962962962962963,0.0,0.0,0.8090874379534174,0.23260437375745524,0.0,0.0,0.06666666666666667,0.1345864661654135,0.16486019875983612,1,Sell
Diawara,Malmö,Goalkeeper,0.0,0.0,0.0,0.0,0.0,0.0,0.0,0.0,0.0,0.43948071783123327,0.13121272365805167,0.0,0.0,0.26666666666666666,0.08345864661654134,0.06138791698483286,1,Sell
Dina Ebimbe,Paris,Midfielder,0.08,0.4,0.07692307692307693,0.0,0.0,0.0,0.0,0.0,0.0,0.0,0.0,0.0,0.0,0.0,0.009022556390977442,0.03772970888760363,1,Sell
Diogo Costa,Porto,Goalkeeper,0.0,0.0,0.0,0.0,0.0,0.0,0.0,0.0,0.0,0.4929362352042765,0.5347912524850894,0.0,0.0,1.0,0.2383458646616541,0.15107155682340132,1,Sell
Diogo Gonçalves,Benfica,Midfielder,0.16,0.0,0.38461538461538464,0.11822660098522167,0.13333333333333333,0.22857142857142856,0.0,0.0,0.0,0.563192058037419,0.08349900596421471,0.32,0.2857142857142857,0.06666666666666667,0.13533834586466165,0.1652771406501744,1,Sell
Donnarumma,Paris,Goalkeeper,0.0,0.0,0.0,0.0,0.0,0.0,0.0,0.0,0.0,0.7831233295150821,0.3041749502982107,0.0,0.0,0.8666666666666667,0.20676691729323307,0.14404879091821285,1,Sell
Dost,Club Brugge,Forward,0.16,0.0,0.23076923076923078,0.0,0.0,0.0,0.14814814814814814,0.06666666666666667,0.0,0.0,0.0,0.0,0.0,0.0,0.06466165413533834,0.04468304664795893,1,Sell
Draxler,Paris,Forward,0.16,0.4,0.23076923076923078,0.09852216748768473,0.13333333333333333,0.05714285714285714,0.0,0.0,0.0,0.6792668957617412,0.15109343936381708,0.0,0.05714285714285714,0.0,0.11353383458646615,0.13872030770586585,1,Sell
Dário Essugo,Sporting CP,Midfielder,0.0,0.0,0.0,0.019704433497536946,0.0,0.0,0.0,0.0,0.0,0.0,0.0,0.0,0.0,0.0,0.013533834586466165,0.0022158845389335406,1,Sell
E. Hazard,Real Madrid,Forward,0.24,0.0,0.23076923076923078,0.019704433497536946,0.0,0.0,0.07407407407407407,0.2,0.0,0.0,0.0,0.0,0.0,0.0,0.081203007518797,0.05638338305730925,1,Sell
Ederson,Man. City,Goalkeeper,0.0,0.0,0.0,0.0,0.0,0.0,0.0,0.0,0.0,0.8762886597938147,0.6322067594433399,0.0,0.0,1.0,0.3879699248120301,0.19309768960327897,1,Sell
Edwards,Sporting CP,Forward,0.08,0.0,0.07692307692307693,0.019704433497536946,0.0,0.0,0.0,0.0,0.0,0.0,0.0,0.0,0.0,0.0,0.03007518796992481,0.01378017989270258,1,Sell
Egan-Riley,Man. City,Defender,0.0,0.0,0.0,0.059113300492610835,0.06666666666666667,0.05714285714285714,0.07407407407407407,0.0,0.0,0.9541809851088201,0.12127236580516898,0.0,0.05714285714285714,0.0,0.081203007518797,0.09805307426345682,1,Sell
Eile,Malmö,Defender,0.0,0.0,0.0,0.0,0.0,0.0,0.0,0.0,0.0,0.0,0.0,0.0,0.0,0.0,0.006015037593984963,0.0004010025062656642,1,Sell
Elanga,Man. United,Forward,0.32,0.0,0.23076923076923078,0.059113300492610835,0.0,0.05714285714285714,0.2222222222222222,0.13333333333333333,0.0,0.43948071783123327,0.0934393638170974,0.0,0.05714285714285714,0.06666666666666667,0.17293233082706766,0.12348285868301176,1,Sell
Elliott,Liverpool,Midfielder,0.0,0.0,0.0,0.0,0.0,0.0,0.0,0.0,0.0,0.0,0.0,0.0,0.0,0.0,0.059398496240601506,0.003959899749373433,1,Sell
Emre Can,Dortmund,Defender,0.0,0.0,0.0,0.03940886699507389,0.0,0.0,0.07407407407407407,0.06666666666666667,0.0,0.0,0.0,0.0,0.0,0.0,0.06315789473684211,0.016220500164843783,1,Sell
En-Nesyri,Sevilla,Forward,0.24,0.4,0.15384615384615385,0.0,0.0,0.0,0.37037037037037035,0.2,1.0,0.0,0.0,0.0,0.0,0.0,0.07669172932330826,0.1627272169026555,1,Sell
Eric Ramirez,Dynamo Kyiv,Forward,0.0,0.0,0.0,0.0,0.0,0.0,0.07407407407407407,0.0,0.0,0.0,0.0,0.0,0.0,0.0,0.02030075187969925,0.006291655063584888,1,Sell
Ersin Destanoğlu,Beşiktaş,Goalkeeper,0.0,0.0,0.0,0.0,0.0,0.0,0.0,0.0,0.0,0.5754104620084002,0.28827037773359837,0.0,0.0,0.4666666666666667,0.22030075187969925,0.10337655055255765,1,Sell
Esteves,Sporting CP,Defender,0.08,0.4,0.07692307692307693,0.03940886699507389,0.06666666666666667,0.05714285714285714,0.07407407407407407,0.13333333333333333,0.0,0.0,0.0,0.0,0.0,0.0,0.06315789473684211,0.06604711799146161,1,Sell
F. Nmecha,Wolfsburg,Midfielder,0.0,0.0,0.0,0.019704433497536946,0.0,0.0,0.07407407407407407,0.06666666666666667,0.0,0.0,0.0,0.0,0.0,0.0,0.04962406015037593,0.014004615625910242,1,Sell
Faivre,Young Boys,Goalkeeper,0.0,0.0,0.0,0.0,0.0,0.0,0.0,0.0,0.0,0.7602138220694923,0.24254473161033796,0.0,0.0,0.13333333333333333,0.15413533834586465,0.08601514835726855,1,Sell
Ferran Torres,Man. City,Forward,0.24,0.8,0.07692307692307693,0.0,0.0,0.0,0.07407407407407407,0.0,0.0,0.0,0.0,0.0,0.0,0.0,0.060902255639097735,0.08345996044241659,1,Sell
Florenzi,Milan,Defender,0.24,0.0,0.3076923076923077,0.07881773399014778,0.0,0.34285714285714286,0.07407407407407407,0.06666666666666667,0.0,0.0,0.0,0.0,0.0,0.0,0.09473684210526315,0.08032298449237348,1,Sell
Flávio Nazinho,Sporting CP,Defender,0.08,0.0,0.15384615384615385,0.059113300492610835,0.06666666666666667,0.0,0.0,0.0,0.0,0.0,0.0,0.0,0.0,0.0,0.03007518796992481,0.025980087265023745,1,Sell
Francisco Conceição,Porto,Forward,0.08,0.4,0.15384615384615385,0.0,0.0,0.0,0.07407407407407407,0.0,0.4,0.0,0.0,0.0,0.0,0.0,0.0406015037593985,0.07656811544530844,1,Sell
Fábio Cardoso,Porto,Defender,0.08,0.0,0.15384615384615385,0.059113300492610835,0.0,0.5142857142857142,0.0,0.0,0.0,0.9389079801450935,0.07753479125248508,0.0,0.0,0.13333333333333333,0.14060150375939848,0.13984151847431928,1,Sell
Fábio Vieira,Porto,Midfielder,0.08,0.0,0.15384615384615385,0.03940886699507389,0.06666666666666667,0.0,0.07407407407407407,0.13333333333333333,0.0,0.0,0.0,0.0,0.0,0.0,0.08270676691729323,0.04200239078883967,1,Sell
Gagliardini,Inter,Midfielder,0.0,0.0,0.0,0.03940886699507389,0.2,0.11428571428571428,0.07407407407407407,0.06666666666666667,0.4,0.0,0.0,0.0,0.0,0.0,0.08721804511278194,0.06544355780895406,1,Sell
Gil Dias,Benfica,Midfielder,0.0,0.0,0.0,0.0,0.0,0.0,0.0,0.0,0.0,0.0,0.0,0.0,0.0,0.0,0.005263157894736841,0.00035087719298245606,1,Sell
Ginczek,Wolfsburg,Forward,0.0,0.0,0.0,0.0,0.0,0.0,0.0,0.0,0.0,0.0,0.0,0.0,0.0,0.0,0.008270676691729324,0.0005513784461152883,1,Sell
Gomez,Liverpool,Defender,0.08,0.0,0.5384615384615385,0.27586206896551724,0.0,0.2857142857142857,0.07407407407407407,0.0,0.0,0.6548300878197788,0.3976143141153081,0.0,0.05714285714285714,0.13333333333333333,0.22857142857142854,0.1817069325465414,1,Sell
Gosens,Atalanta,Midfielder,0.24,0.0,0.15384615384615385,0.09852216748768473,0.13333333333333333,0.11428571428571428,0.14814814814814814,0.0,0.0,0.5799923634975181,0.11133200795228627,0.0,0.0,0.0,0.09097744360902255,0.11136248881065743,1,Sell
Grbić,LOSC,Goalkeeper,0.0,0.0,0.0,0.0,0.0,0.0,0.0,0.0,0.0,0.27758686521573134,0.3280318091451292,0.0,0.0,1.0,0.23984962406015034,0.12303121989473406,1,Sell
Guerreiro,Dortmund,Defender,0.16,0.4,0.23076923076923078,0.15763546798029557,0.06666666666666667,0.11428571428571428,0.0,0.0,0.0,0.7907598319969453,0.25646123260437376,0.0,0.22857142857142856,0.26666666666666666,0.1736842105263158,0.18970003000450916,1,Sell
Guindo,Salzburg,Defender,0.0,0.0,0.0,0.019704433497536946,0.06666666666666667,0.0,0.0,0.0,0.0,0.0,0.0,0.0,0.0,0.0,0.009022556390977442,0.006359577103678737,1,Sell
Gulácsi,Leipzig,Goalkeeper,0.0,0.0,0.0,0.0,0.0,0.0,0.0,0.0,0.0,0.7434135166093929,0.3618290258449304,0.0,0.0,1.0,0.2045112781954887,0.1539835880433208,1,Sell
Gökhan Töre,Beşiktaş,Midfielder,0.0,0.0,0.0,0.059113300492610835,0.0,0.05714285714285714,0.0,0.0,0.0,0.0,0.0,0.0,0.0,0.0,0.08421052631578946,0.013364445596750495,1,Sell
Günok,Beşiktaş,Goalkeeper,0.0,0.0,0.0,0.0,0.0,0.0,0.0,0.0,0.0,0.5112638411607484,0.07554671968190854,0.0,0.0,0.06666666666666667,0.03609022556390977,0.04597116353821555,1,Sell
Haaland,Dortmund,Forward,0.96,0.0,0.23076923076923078,0.09852216748768473,0.0,0.22857142857142856,0.14814814814814814,0.13333333333333333,0.0,0.21649484536082492,0.09940357852882703,0.0,0.05714285714285714,0.0,0.16766917293233083,0.15600365081831102,1,Sell
Haidara,Leipzig,Midfielder,0.08,0.0,0.3076923076923077,0.27586206896551724,0.5333333333333333,0.05714285714285714,0.2222222222222222,0.06666666666666667,0.0,0.8167239404352806,0.2445328031809145,0.0,0.0,0.2,0.18345864661654132,0.1991756564170427,1,Sell
Handanovič,Inter,Goalkeeper,0.0,0.0,0.0,0.0,0.0,0.0,0.0,0.0,0.0,0.9022527682321497,0.5029821073558648,0.0,0.0,0.4666666666666667,0.24060150375939848,0.14083353640093865,1,Sell
Hateboer,Atalanta,Defender,0.0,0.0,0.0,0.019704433497536946,0.13333333333333333,0.11428571428571428,0.0,0.0,0.0,0.8472699503627339,0.06560636182902584,0.528,0.17142857142857143,0.0,0.0887218045112782,0.13122334461654628,1,Sell
Heaton,Man. United,Goalkeeper,0.0,0.0,0.0,0.0,0.0,0.0,0.0,0.0,0.0,0.0,0.0,0.0,0.0,0.0,0.014285714285714284,0.0009523809523809523,1,Sell
Henderson,Man. United,Goalkeeper,0.0,0.0,0.0,0.0,0.0,0.0,0.0,0.0,0.0,0.0,0.0,0.0,0.0,0.0,0.0330827067669173,0.0022055137844611532,1,Sell
Henrichs,Leipzig,Defender,0.16,0.0,0.3076923076923077,0.059113300492610835,0.06666666666666667,0.17142857142857143,0.07407407407407407,0.0,0.0,0.0,0.0,0.0,0.0,0.0,0.05413533834586466,0.0595406839133397,1,Sell
Iborra,Villarreal,Midfielder,0.0,0.0,0.0,0.03940886699507389,0.0,0.0,0.07407407407407407,0.0,0.0,0.0,0.0,0.0,0.0,0.0,0.013533834586466165,0.008467785043707609,1,Sell
Icardi,Paris,Forward,0.08,0.0,0.23076923076923078,0.0,0.0,0.0,0.0,0.0,0.0,0.0,0.0,0.0,0.0,0.0,0.04887218045112782,0.023976094081357244,1,Sell
Iqbal,Man. United,Midfielder,0.0,0.0,0.0,0.0,0.0,0.0,0.0,0.0,0.0,0.0,0.0,0.0,0.0,0.0,0.007518796992481203,0.0005012531328320802,1,Sell
Iván Romero,Sevilla,Forward,0.0,0.0,0.0,0.0,0.0,0.0,0.0,0.0,0.0,0.0,0.0,0.0,0.0,0.0,0.02030075187969925,0.0013533834586466167,1,Sell
Izquierdo,Club Brugge,Forward,0.08,0.4,0.07692307692307693,0.0,0.0,0.0,0.0,0.0,0.0,0.0,0.0,0.0,0.0,0.0,0.009774436090225564,0.03777983420088683,1,Sell
Javi Serrano,Atlético,Midfielder,0.0,0.0,0.0,0.0,0.0,0.0,0.0,0.0,0.0,0.0,0.0,0.0,0.0,0.0,0.018045112781954885,0.0012030075187969924,1,Sell
Jovane Cabral,Sporting CP,Forward,0.0,0.0,0.0,0.03940886699507389,0.0,0.0,0.14814814814814814,0.0,0.0,0.0,0.0,0.0,0.0,0.0,0.0736842105263158,0.017416081711302524,1,Sell
Jović,Real Madrid,Forward,0.32,0.4,0.23076923076923078,0.019704433497536946,0.0,0.0,0.07407407407407407,0.2,0.4,0.8823978617793051,0.07952286282306162,0.0,0.0,0.0,0.09699248120300752,0.18023072960974773,1,Sell
João Virginia,Sporting CP,Goalkeeper,0.0,0.0,0.0,0.0,0.0,0.0,0.0,0.0,0.0,0.6945399007254678,0.07157057654075547,0.0,0.0,0.06666666666666667,0.0406015037593985,0.058225243179485894,1,Sell
Julien,Sheriff,Defender,0.08,0.0,0.23076923076923078,0.019704433497536946,0.0,0.0,0.0,0.0,0.0,0.0,0.0,0.0,0.0,0.0,0.05413533834586466,0.02564060017417549,1,Sell
Kanga,Young Boys,Forward,0.16,0.4,0.38461538461538464,0.0,0.0,0.0,0.07407407407407407,0.06666666666666667,0.0,0.0,0.0,0.0,0.0,0.0,0.07593984962406014,0.0774197316653457,1,Sell
Kean,Juventus,Forward,0.72,0.4,0.46153846153846156,0.03940886699507389,0.0,0.05714285714285714,0.37037037037037035,0.0,0.0,0.37686139747995434,0.08747514910536779,0.0,0.0,0.0,0.1548872180451128,0.17784562137847984,1,Sell
Kehrer,Paris,Defender,0.0,0.0,0.0,0.09852216748768473,0.06666666666666667,0.11428571428571428,0.07407407407407407,0.0,0.4,0.0,0.0,0.0,0.0,0.0,0.062406015037593986,0.054396975836782255,1,Sell
Kepa,Chelsea,Goalkeeper,0.0,0.0,0.0,0.0,0.0,0.0,0.0,0.0,0.0,0.6487208858342879,0.05566600397614314,0.0,0.0,0.13333333333333333,0.04210526315789473,0.05865503242011061,1,Sell
Kjærgaard,Salzburg,Midfielder,0.08,0.0,0.3076923076923077,0.019704433497536946,0.06666666666666667,0.0,0.14814814814814814,0.0,0.4,0.0,0.0,0.0,0.0,0.0,0.059398496240601506,0.07210733681635074,1,Sell
Knauff,Dortmund,Midfielder,0.08,0.0,0.23076923076923078,0.019704433497536946,0.26666666666666666,0.0,0.2222222222222222,0.06666666666666667,0.4,0.0,0.0,0.0,0.0,0.0,0.03834586466165413,0.08829167229893183,1,Sell
Kobel,Dortmund,Goalkeeper,0.0,0.0,0.0,0.0,0.0,0.0,0.0,0.0,0.0,0.8396334478808707,0.3479125248508946,0.0,0.0,0.5333333333333333,0.26616541353383455,0.13246964797326222,1,Sell
Kolarov,Inter,Defender,0.0,0.0,0.0,0.0,0.0,0.0,0.0,0.0,0.0,0.0,0.0,0.0,0.0,0.0,0.008270676691729324,0.0005513784461152883,1,Sell
Korniienko,Shakhtar Donetsk,Defender,0.08,0.0,0.15384615384615385,0.059113300492610835,0.06666666666666667,0.05714285714285714,0.0,0.0,0.0,0.0,0.0,0.0,0.0,0.0,0.08421052631578946,0.03339863363093853,1,Sell
Kravtsov,Zenit,Midfielder,0.0,0.0,0.0,0.019704433497536946,0.0,0.0,0.0,0.0,0.0,0.0,0.0,0.0,0.0,0.0,0.022556390977443608,0.002817388298332037,1,Sell
Kritsyuk,Zenit,Goalkeeper,0.0,0.0,0.0,0.0,0.0,0.0,0.0,0.0,0.0,0.6838487972508591,0.19284294234592445,0.0,0.0,0.6,0.14661654135338345,0.10822055206334448,1,Sell
Krugovoi,Zenit,Defender,0.08,0.4,0.46153846153846156,0.13793103448275862,0.0,0.0,0.07407407407407407,0.13333333333333333,0.0,0.0,0.0,0.0,0.0,0.0,0.0887218045112782,0.09170658052932706,1,Sell
Kryvtsov,Shakhtar Donetsk,Defender,0.0,0.0,0.0,0.17733990147783252,0.0,0.6285714285714286,0.07407407407407407,0.0,0.0,0.9083619702176404,0.33200795228628227,0.0,0.0,0.26666666666666666,0.17669172932330826,0.17091424817448217,1,Sell
Kudus,Ajax,Midfielder,0.08,0.0,0.15384615384615385,0.019704433497536946,0.0,0.0,0.0,0.0,0.0,0.0,0.0,0.0,0.0,0.0,0.02631578947368421,0.01865775845449167,1,Sell
Kulusevski,Juventus,Midfielder,0.08,0.0,0.38461538461538464,0.03940886699507389,0.06666666666666667,0.05714285714285714,0.4444444444444444,0.0,0.4,0.0,0.0,0.0,0.0,0.0,0.10751879699248121,0.10531980112379387,1,Sell
Kuznetsov,Zenit,Forward,0.08,0.4,0.07692307692307693,0.019704433497536946,0.0,0.0,0.0,0.0,0.0,0.0,0.0,0.0,0.0,0.0,0.006766917293233083,0.0388929618475898,1,Sell
Köhn,Salzburg,Goalkeeper,0.0,0.0,0.0,0.0,0.0,0.0,0.0,0.0,0.0,0.6242840778923255,0.43737574552683894,0.0,0.0,1.0,0.32932330827067663,0.1593988754459894,1,Sell
L. de Jong,Barcelona,Forward,0.48,0.0,0.23076923076923078,0.019704433497536946,0.0,0.0,0.07407407407407407,0.06666666666666667,0.0,0.770904925544101,0.06958250497017891,0.0,0.0,0.0,0.16766917293233083,0.12529140056360794,1,Sell
Lednev,Dynamo Kyiv,Midfielder,0.0,0.0,0.0,0.0,0.0,0.0,0.0,0.0,0.0,0.0,0.0,0.0,0.0,0.0,0.015789473684210527,0.0010526315789473684,1,Sell
Leo Jardim,LOSC,Goalkeeper,0.0,0.0,0.0,0.0,0.0,0.0,0.0,0.0,0.0,0.5799923634975181,0.073558648111332,0.0,0.0,0.13333333333333333,0.08345864661654134,0.05802286610391498,1,Sell
Lewicki,Malmö,Midfielder,0.0,0.0,0.0,0.11822660098522167,0.06666666666666667,0.11428571428571428,0.0,0.0,0.0,0.8396334478808707,0.12326043737574552,0.0,0.05714285714285714,0.0,0.10977443609022555,0.09526601069515345,1,Sell
Lihadji,LOSC,Forward,0.0,0.0,0.0,0.0,0.0,0.0,0.0,0.0,0.0,0.0,0.0,0.0,0.0,0.0,0.03383458646616541,0.0022556390977443606,1,Sell
Lingard,Man. United,Midfielder,0.16,0.0,0.3076923076923077,0.019704433497536946,0.0,0.11428571428571428,0.0,0.0,0.0,0.7632684230622375,0.09741550695825049,0.0,0.0,0.0,0.10526315789473684,0.10450863622605228,1,Sell
Lovato,Atalanta,Defender,0.0,0.0,0.0,0.09852216748768473,0.0,0.17142857142857143,0.07407407407407407,0.0,0.4,0.0,0.0,0.0,0.0,0.0,0.03984962406015037,0.05225829580336537,1,Sell
Luca Pellegrini,Juventus,Defender,0.0,0.0,0.0,0.0,0.0,0.0,0.0,0.0,0.0,0.0,0.0,0.0,0.0,0.0,0.007518796992481203,0.0005012531328320802,1,Sell
Lustenberger,Young Boys,Defender,0.08,0.0,0.07692307692307693,0.059113300492610835,0.13333333333333333,0.22857142857142856,0.0,0.0,0.0,0.7861779305078274,0.13518886679920475,0.0,0.05714285714285714,0.06666666666666667,0.07669172932330826,0.11332061265068759,1,Sell
Lázaro,Benfica,Midfielder,0.0,0.0,0.0,0.07881773399014778,0.13333333333333333,0.22857142857142856,0.14814814814814814,0.06666666666666667,0.0,0.3279877815960291,0.0934393638170974,0.0,0.0,0.13333333333333333,0.11729323308270675,0.08850606816925939,1,Sell
M. Kerzhakov,Zenit,Goalkeeper,0.0,0.0,0.0,0.0,0.0,0.0,0.0,0.0,0.0,0.7861779305078274,0.06560636182902584,0.0,0.0,0.06666666666666667,0.07969924812030074,0.06654334714158804,1,Sell
Maceiras,Young Boys,Defender,0.08,0.0,0.23076923076923078,0.07881773399014778,0.13333333333333333,0.05714285714285714,0.07407407407407407,0.13333333333333333,0.0,0.6288659793814435,0.11332007952286281,0.0,0.39999999999999997,0.06666666666666667,0.12030075187969924,0.14110826933957654,1,Sell
Maier,Young Boys,Midfielder,0.08,0.0,0.07692307692307693,0.019704433497536946,0.0,0.0,0.0,0.0,0.0,0.0,0.0,0.0,0.0,0.0,0.009774436090225564,0.012426796434055965,1,Sell
Maignan,Milan,Goalkeeper,0.0,0.0,0.0,0.0,0.0,0.0,0.0,0.0,0.0,0.6029018709431082,0.22664015904572563,0.0,0.0,0.7333333333333333,0.13759398496240602,0.11336462321897153,1,Sell
Maldini,Milan,Forward,0.0,0.0,0.0,0.059113300492610835,0.13333333333333333,0.0,0.0,0.0,0.0,0.0,0.0,0.0,0.0,0.0,0.031578947368421054,0.014935038746291015,1,Sell
Mambimbi,Young Boys,Forward,0.08,0.4,0.3076923076923077,0.019704433497536946,0.13333333333333333,0.05714285714285714,0.2962962962962963,0.0,0.0,0.0,0.0,0.0,0.0,0.0,0.07067669172932331,0.09098972797944364,1,Sell
Mandi,Villarreal,Defender,0.0,0.0,0.0,0.0,0.0,0.0,0.0,0.0,0.0,0.0,0.0,0.0,0.0,0.0,0.027819548872180452,0.0018546365914786968,1,Sell
Maouassa,Club Brugge,Defender,0.0,0.0,0.0,0.0,0.0,0.0,0.0,0.0,0.0,0.0,0.0,0.0,0.0,0.0,0.0015037593984962407,0.00010025062656641604,1,Sell
Marc Roca,Bayern,Defender,0.0,0.0,0.0,0.11822660098522167,0.06666666666666667,0.05714285714285714,0.2962962962962963,0.0,0.0,0.0,0.0,0.0,0.0,0.0,0.08721804511278194,0.04170336441358825,1,Sell
Marcano,Porto,Defender,0.0,0.0,0.0,0.11822660098522167,0.0,0.7999999999999999,0.0,0.0,0.0,0.4272623138602521,0.10536779324055665,0.0,0.05714285714285714,0.06666666666666667,0.11127819548872181,0.11239629515895172,1,Sell
Marcelo,Real Madrid,Defender,0.16,0.4,0.23076923076923078,0.07881773399014778,0.0,0.17142857142857143,0.07407407407407407,0.0,0.0,0.801450935471554,0.12524850894632206,0.528,0.17142857142857143,0.06666666666666667,0.08045112781954886,0.19255569470631248,1,Sell
Mariano Díaz,Real Madrid,Forward,0.0,0.0,0.0,0.0,0.0,0.0,0.0,0.0,0.0,0.0,0.0,0.0,0.0,0.0,0.012030075187969926,0.0008020050125313284,1,Sell
Mario Gaspar,Villarreal,Defender,0.0,0.0,0.0,0.019704433497536946,0.0,0.11428571428571428,0.14814814814814814,0.13333333333333333,0.4,0.9541809851088201,0.0636182902584493,0.0,0.05714285714285714,0.06666666666666667,0.081203007518797,0.13588556239735486,1,Sell
Martial,Man. United,Forward,0.0,0.0,0.0,0.0,0.0,0.0,0.0,0.0,0.0,0.0,0.0,0.0,0.0,0.0,0.05338345864661653,0.003558897243107769,1,Sell
Martínez,Leipzig,Goalkeeper,0.0,0.0,0.0,0.0,0.0,0.0,0.0,0.0,0.0,0.3279877815960291,0.05566600397614314,0.0,0.0,0.2,0.045112781954887216,0.041917771168470626,1,Sell
Mata,Man. United,Midfielder,0.16,0.0,0.23076923076923078,0.07881773399014778,0.06666666666666667,0.0,0.0,0.0,0.0,0.3738067964872089,0.10934393638170974,0.0,0.11428571428571428,0.26666666666666666,0.09924812030075186,0.09997365770320643,1,Sell
Mbamba-Muanda,Club Brugge,Defender,0.0,0.0,0.0,0.059113300492610835,0.06666666666666667,0.0,0.0,0.0,0.0,0.0,0.0,0.0,0.0,0.0,0.06541353383458645,0.01274623339959093,1,Sell
Mbete,Man. City,Defender,0.0,0.0,0.0,0.0,0.0,0.0,0.0,0.0,0.0,0.0,0.0,0.0,0.0,0.0,0.008270676691729324,0.0005513784461152883,1,Sell
McAtee,Man. City,Midfielder,0.0,0.0,0.0,0.019704433497536946,0.06666666666666667,0.0,0.07407407407407407,0.13333333333333333,0.0,0.0,0.0,0.0,0.0,0.0,0.04661654135338346,0.0226930032616663,1,Sell
Mechele,Club Brugge,Defender,0.0,0.0,0.0,0.09852216748768473,0.06666666666666667,0.2857142857142857,0.0,0.0,0.0,0.8579610538373426,0.07554671968190854,0.0,0.0,0.06666666666666667,0.12406015037593984,0.10500918069536631,1,Sell
Meite,Benfica,Midfielder,0.08,0.0,0.23076923076923078,0.17733990147783252,0.0,0.17142857142857143,0.07407407407407407,0.4666666666666667,0.0,0.7861779305078274,0.08151093439363816,0.0,0.0,0.2,0.1496240601503759,0.1611727579645478,1,Sell
Mendy,Chelsea,Goalkeeper,0.0,0.0,0.0,0.0,0.0,0.0,0.0,0.0,0.0,0.801450935471554,0.4135188866799204,0.0,0.0,0.4666666666666667,0.431578947368421,0.14088102907910416,1,Sell
Mengi,Man. United,Defender,0.0,0.0,0.0,0.019704433497536946,0.06666666666666667,0.22857142857142856,0.0,0.0,0.0,0.0,0.0,0.0,0.0,0.0,0.027819548872180452,0.022850805173854176,1,Sell
Messias Junior,Milan,Forward,0.08,0.0,0.15384615384615385,0.059113300492610835,0.06666666666666667,0.0,0.14814814814814814,0.26666666666666666,0.0,0.7861779305078274,0.06958250497017891,0.4,0.22857142857142856,0.13333333333333333,0.11729323308270675,0.16729329108571472,1,Sell
Mignolet,Club Brugge,Goalkeeper,0.0,0.0,0.0,0.0,0.0,0.0,0.0,0.0,0.0,0.7052310042000765,0.42942345924453273,0.0,0.0,1.0,0.24962406015037594,0.15895190157299902,1,Sell
Miguel Gutiérrez,Real Madrid,Defender,0.08,0.0,0.07692307692307693,0.019704433497536946,0.06666666666666667,0.0,0.0,0.0,0.0,0.0,0.0,0.0,0.0,0.0,0.05789473684210526,0.020079260928625723,1,Sell
Minamino,Liverpool,Forward,0.16,0.0,0.3076923076923077,0.11822660098522167,0.13333333333333333,0.0,0.2222222222222222,0.2,0.0,0.9236349751813671,0.15109343936381708,0.0,0.05714285714285714,0.06666666666666667,0.2233082706766917,0.17088804488429898,1,Sell
Miretti,Juventus,Midfielder,0.0,0.0,0.0,0.019704433497536946,0.0,0.0,0.0,0.0,0.0,0.0,0.0,0.0,0.0,0.0,0.006015037593984963,0.0017146314061014605,1,Sell
Moisander,Malmö,Defender,0.0,0.0,0.0,0.31527093596059114,0.26666666666666666,0.05714285714285714,0.07407407407407407,0.06666666666666667,0.4,0.4196258113783888,0.1709741550695825,0.0,0.0,0.26666666666666666,0.16541353383458646,0.14683342449733866,1,Sell
Morato,Benfica,Defender,0.08,0.0,0.15384615384615385,0.19704433497536947,0.13333333333333333,0.2857142857142857,0.07407407407407407,0.0,0.0,0.8549064528445973,0.2664015904572564,0.0,0.0,0.13333333333333333,0.1473684210526316,0.15506813197540234,1,Sell
Moriba,Leipzig,Midfielder,0.16,0.8,0.23076923076923078,0.019704433497536946,0.26666666666666666,0.0,0.14814814814814814,0.13333333333333333,0.4,0.0,0.0,0.0,0.0,0.0,0.06541353383458645,0.14826902308330014,1,Sell
Morton,Liverpool,Midfielder,0.0,0.0,0.0,0.17733990147783252,0.3333333333333333,0.11428571428571428,0.07407407407407407,0.06666666666666667,0.0,0.8472699503627339,0.15109343936381708,0.0,0.0,0.13333333333333333,0.17669172932330826,0.13827254281472087,1,Sell
Mostovoy,Zenit,Midfielder,0.16,0.0,0.38461538461538464,0.07881773399014778,0.06666666666666667,0.0,0.14814814814814814,0.13333333333333333,0.0,0.7434135166093929,0.09741550695825049,0.256,0.34285714285714286,0.0,0.1571428571428571,0.17122735268808825,1,Sell
Moukoko,Dortmund,Forward,0.16,0.4,0.07692307692307693,0.019704433497536946,0.0,0.0,0.14814814814814814,0.0,0.4,0.0,0.0,0.0,0.0,0.0,0.02406015037593985,0.08192238726298012,1,Sell
Musso,Atalanta,Goalkeeper,0.0,0.0,0.0,0.0,0.0,0.0,0.0,0.0,0.0,0.6639938907980145,0.3141153081510934,0.0,0.0,0.7333333333333333,0.24586466165413534,0.13048714626243843,1,Sell
N'Koudou,Beşiktaş,Midfielder,0.08,0.4,0.07692307692307693,0.03940886699507389,0.06666666666666667,0.05714285714285714,0.0,0.0,0.0,0.770904925544101,0.08151093439363816,0.0,0.05714285714285714,0.0,0.08195488721804511,0.11411033813508772,1,Sell
Nalić,Malmö,Midfielder,0.0,0.0,0.0,0.09852216748768473,0.0,0.05714285714285714,0.0,0.0,0.0,0.0,0.0,0.0,0.0,0.0,0.10225563909774435,0.017194710915219083,1,Sell
Nanasi,Malmö,Midfielder,0.08,0.4,0.15384615384615385,0.0,0.0,0.0,0.0,0.0,0.0,0.0,0.0,0.0,0.0,0.0,0.09323308270676692,0.048471949103528054,1,Sell
Navas,Paris,Goalkeeper,0.0,0.0,0.0,0.0,0.0,0.0,0.0,0.0,0.0,0.806032836960672,0.2007952286282306,0.0,0.0,0.6,0.10300751879699246,0.11398903895905967,1,Sell
Necip Uysal,Beşiktaş,Midfielder,0.0,0.0,0.0,0.09852216748768473,0.26666666666666666,0.17142857142857143,0.14814814814814814,0.06666666666666667,0.0,0.5418098510882017,0.10934393638170974,0.8,0.11428571428571428,0.26666666666666666,0.14887218045112782,0.18216070461807718,1,Sell
Neuer,Bayern,Goalkeeper,0.0,0.0,0.0,0.0,0.0,0.0,0.0,0.0,0.0,0.8915616647575411,0.6998011928429423,0.0,0.0,0.5333333333333333,0.3849624060150376,0.1673105731299236,1,Sell
Nikolov,Sheriff,Midfielder,0.24,0.4,0.38461538461538464,0.09852216748768473,0.13333333333333333,0.0,0.2962962962962963,0.2,0.0,0.6090110729285989,0.05367793240556659,0.0,0.0,0.0,0.10977443609022555,0.16834870821047268,1,Sell
Novoa,Leipzig,Midfielder,0.08,0.0,0.07692307692307693,0.0,0.0,0.0,0.0,0.0,0.0,0.0,0.0,0.0,0.0,0.0,0.02706766917293233,0.01226604973973395,1,Sell
Nuno Santos,Sporting CP,Forward,0.16,0.0,0.5384615384615385,0.0,0.0,0.0,0.07407407407407407,0.13333333333333333,0.0,0.4211531118747614,0.14314115308151093,0.176,0.5142857142857142,0.06666666666666667,0.21729323308270673,0.1629605883240204,1,Sell
Oblak,Atlético,Goalkeeper,0.0,0.0,0.0,0.0,0.0,0.0,0.0,0.0,0.0,0.3539518900343644,0.562624254473161,0.0,0.0,1.0,0.3962406015037594,0.15418778306741895,1,Sell
Olmo,Leipzig,Forward,0.16,0.4,0.15384615384615385,0.019704433497536946,0.0,0.0,0.2222222222222222,0.26666666666666666,0.0,0.0,0.0,0.0,0.0,0.0,0.08195488721804511,0.08695962423004165,1,Sell
Onana,Ajax,Goalkeeper,0.0,0.0,0.0,0.0,0.0,0.0,0.0,0.0,0.0,0.8472699503627339,0.11133200795228627,0.0,0.0,0.26666666666666666,0.06315789473684211,0.0858951013145686,1,Sell
Ozdoev,Zenit,Midfielder,0.08,0.0,0.07692307692307693,0.03940886699507389,0.0,0.0,0.0,0.0,0.0,0.0,0.0,0.0,0.0,0.0,0.01654135338345865,0.014191553153440633,1,Sell
Oğuzhan Özyakup,Beşiktaş,Midfielder,0.0,0.0,0.0,0.019704433497536946,0.06666666666666667,0.0,0.0,0.0,0.0,0.0,0.0,0.0,0.0,0.0,0.055639097744360905,0.009467346527237634,1,Sell
Palmer,Man. City,Midfielder,0.16,0.0,0.23076923076923078,0.03940886699507389,0.0,0.0,0.0,0.0,0.0,0.0,0.0,0.0,0.0,0.0,0.05263157894736842,0.0321873117807782,1,Sell
Passlack,Dortmund,Midfielder,0.08,0.4,0.15384615384615385,0.059113300492610835,0.0,0.34285714285714286,0.0,0.0,0.0,0.0,0.0,0.0,0.0,0.0,0.057142857142857134,0.07286396362258432,1,Sell
Pasveer,Ajax,Goalkeeper,0.0,0.0,0.0,0.0,0.0,0.0,0.0,0.0,0.0,0.8197785414280261,0.4612326043737574,0.0,0.0,0.3333333333333333,0.24586466165413534,0.12401394271928347,1,Sell
Paulo Bernardo,Benfica,Midfielder,0.0,0.0,0.0,0.019704433497536946,0.0,0.17142857142857143,0.0,0.0,0.0,0.0,0.0,0.0,0.0,0.0,0.062406015037593986,0.01690260133091349,1,Sell
Paulo Otávio,Wolfsburg,Defender,0.0,0.0,0.0,0.2955665024630542,0.2,0.39999999999999997,0.14814814814814814,0.4,0.0,0.5158457426498664,0.14314115308151093,0.0,0.45714285714285713,0.0,0.15187969924812028,0.1807816068489038,1,Sell
Pašalić,Atalanta,Midfielder,0.24,0.0,0.38461538461538464,0.13793103448275862,0.06666666666666667,0.11428571428571428,0.14814814814814814,0.06666666666666667,0.4,0.7189767086674304,0.1411530815109344,0.0,0.05714285714285714,0.06666666666666667,0.22556390977443608,0.18452112257517758,1,Sell
Pedri,Barcelona,Midfielder,0.08,0.0,0.15384615384615385,0.15763546798029557,0.13333333333333333,0.0,0.14814814814814814,0.06666666666666667,0.0,0.8319969453990073,0.20477137176938368,0.0,0.05714285714285714,0.13333333333333333,0.15563909774436088,0.14150089169090266,1,Sell
Pepê,Porto,Forward,0.0,0.0,0.0,0.019704433497536946,0.0,0.0,0.0,0.0,0.0,0.0,0.0,0.0,0.0,0.0,0.04285714285714286,0.004170771756978654,1,Sell
Perin,Juventus,Goalkeeper,0.0,0.0,0.0,0.0,0.0,0.0,0.0,0.0,0.0,0.7098129056891944,0.03777335984095427,0.0,0.0,0.0,0.03233082706766917,0.051994472839854526,1,Sell
Pervan,Wolfsburg,Goalkeeper,0.0,0.0,0.0,0.0,0.0,0.0,0.0,0.0,0.0,0.45017182130584193,0.07952286282306162,0.0,0.0,0.0,0.04285714285714286,0.038170121799069756,1,Sell
Pessina,Atalanta,Midfielder,0.16,0.0,0.3076923076923077,0.21674876847290642,0.06666666666666667,0.05714285714285714,0.14814814814814814,0.2,0.0,0.6380297823596792,0.19880715705765406,0.528,0.17142857142857143,0.06666666666666667,0.22105263157894733,0.198692237147627,1,Sell
Pezzella,Atalanta,Defender,0.16,0.0,0.23076923076923078,0.03940886699507389,0.0,0.17142857142857143,0.07407407407407407,0.13333333333333333,0.0,0.0,0.0,0.0,0.0,0.0,0.060902255639097735,0.05799442214929208,1,Sell
Peña,Villarreal,Defender,0.0,0.0,0.0,0.03940886699507389,0.13333333333333333,0.05714285714285714,0.07407407407407407,0.0,0.4,0.0,0.0,0.0,0.0,0.0,0.024812030075187966,0.04858474410803509,1,Sell
Philipp,Wolfsburg,Forward,0.08,0.0,0.15384615384615385,0.019704433497536946,0.06666666666666667,0.0,0.0,0.0,0.0,0.17525773195876299,0.017892644135188866,0.0,0.0,0.06666666666666667,0.08345864661654134,0.044232862892501154,1,Sell
Phillips,Liverpool,Defender,0.0,0.0,0.0,0.09852216748768473,0.06666666666666667,0.17142857142857143,0.14814814814814814,0.0,0.0,0.1828942344406263,0.073558648111332,0.0,0.0,0.06666666666666667,0.08421052631578946,0.059473041951032354,1,Sell
Piątkowski,Salzburg,Defender,0.0,0.0,0.0,0.059113300492610835,0.0,0.17142857142857143,0.07407407407407407,0.06666666666666667,0.0,0.0,0.0,0.0,0.0,0.0,0.0736842105263158,0.02966445487921592,1,Sell
Pongračić,Dortmund,Defender,0.0,0.0,0.0,0.17733990147783252,0.13333333333333333,0.11428571428571428,0.07407407407407407,0.0,0.0,0.8747613592974417,0.1769383697813121,0.0,0.0,0.26666666666666666,0.1548872180451128,0.13148577579743248,1,Sell
Pyatov,Shakhtar Donetsk,Goalkeeper,0.0,0.0,0.0,0.0,0.0,0.0,0.0,0.0,0.0,0.8976708667430318,0.16500994035785285,0.0,0.0,0.2,0.10676691729323307,0.09129651495960785,1,Sell
Raba,Villarreal,Midfielder,0.0,0.0,0.0,0.0,0.0,0.0,0.0,0.0,0.0,0.0,0.0,0.0,0.0,0.0,0.012781954887218044,0.0008521303258145363,1,Sell
Radeljić,Sheriff,Defender,0.0,0.0,0.0,0.059113300492610835,0.06666666666666667,0.22857142857142856,0.0,0.0,0.0,0.0,0.0,0.0,0.0,0.0,0.07669172932330826,0.02873620833693429,1,Sell
Radonjić,Benfica,Forward,0.08,0.4,0.07692307692307693,0.0,0.0,0.0,0.07407407407407407,0.0,0.0,0.0,0.0,0.0,0.0,0.0,0.02932330827067669,0.04402136395118851,1,Sell
Ramsey,Juventus,Midfielder,0.0,0.0,0.0,0.0,0.0,0.0,0.07407407407407407,0.0,0.4,0.0,0.0,0.0,0.0,0.0,0.02406015037593985,0.033208948296667595,1,Sell
Ranocchia,Inter,Defender,0.16,0.0,0.23076923076923078,0.09852216748768473,0.0,0.05714285714285714,0.14814814814814814,0.06666666666666667,0.0,0.7754868270332187,0.07554671968190854,0.0,0.0,0.13333333333333333,0.08195488721804511,0.12183805583207287,1,Sell
Rebić,Milan,Forward,0.16,0.0,0.15384615384615385,0.019704433497536946,0.13333333333333333,0.22857142857142856,0.14814814814814814,0.0,0.4,0.45017182130584193,0.041749502982107355,0.0,0.11428571428571428,0.0,0.09774436090225563,0.12983699312483468,1,Sell
Reinier,Dortmund,Forward,0.16,0.0,0.23076923076923078,0.11822660098522167,0.13333333333333333,0.0,0.2962962962962963,0.0,0.0,0.8778159602901872,0.1411530815109344,0.0,0.05714285714285714,0.0,0.12556390977443607,0.14268675134016642,1,Sell
Rekik,Sevilla,Defender,0.0,0.0,0.0,0.09852216748768473,0.06666666666666667,0.0,0.2222222222222222,0.2,0.4,0.9129438717067584,0.18489065606361826,0.0,0.11428571428571428,0.3333333333333333,0.11353383458646615,0.1764265644234976,1,Sell
Rensch,Ajax,Defender,0.0,0.0,0.0,0.15763546798029557,0.3333333333333333,0.05714285714285714,0.14814814814814814,0.0,0.0,0.0,0.0,0.0,0.0,0.0,0.1037593984962406,0.05333461367339165,1,Sell
Ricard Puig,Barcelona,Midfielder,0.0,0.0,0.0,0.019704433497536946,0.06666666666666667,0.0,0.0,0.0,0.0,0.0,0.0,0.0,0.0,0.0,0.018045112781954885,0.006961080863077233,1,Sell
Richards,Bayern,Defender,0.0,0.0,0.0,0.17733990147783252,0.5333333333333333,0.05714285714285714,0.2222222222222222,0.0,0.4,0.0,0.0,0.0,0.0,0.0,0.06390977443609022,0.09692987257415568,1,Sell
Rieks,Malmö,Midfielder,0.24,0.0,0.23076923076923078,0.07881773399014778,0.26666666666666666,0.45714285714285713,0.07407407407407407,0.06666666666666667,0.4,0.7143948071783124,0.13518886679920475,0.0,0.05714285714285714,0.06666666666666667,0.20902255639097744,0.1997701988991774,1,Sell
Rodrigo Ribeiro,Sporting CP,Forward,0.0,0.0,0.0,0.0,0.0,0.0,0.0,0.0,0.0,0.0,0.0,0.0,0.0,0.0,0.005263157894736841,0.00035087719298245606,1,Sell
Rugani,Juventus,Defender,0.08,0.0,0.3076923076923077,0.2955665024630542,0.13333333333333333,0.22857142857142856,0.2222222222222222,0.06666666666666667,0.0,0.9816723940435281,0.25844930417495027,0.0,0.0,0.0,0.16315789473684209,0.1824888035936222,1,Sell
Rulli,Villarreal,Goalkeeper,0.0,0.0,0.0,0.0,0.0,0.0,0.0,0.0,0.0,0.5448644520809471,0.9721669980119283,0.0,0.0,1.0,0.46015037593984964,0.19847878840218164,1,Sell
Rúben Vinagre,Sporting CP,Defender,0.0,0.0,0.0,0.0,0.0,0.0,0.0,0.0,0.0,0.0,0.0,0.0,0.0,0.0,0.05864661654135338,0.003909774436090225,1,Sell
Rıdvan Yılmaz,Beşiktaş,Defender,0.0,0.0,0.0,0.19704433497536947,0.0,0.17142857142857143,0.07407407407407407,0.13333333333333333,0.0,0.7021764032073312,0.11332007952286281,0.0,0.11428571428571428,0.06666666666666667,0.11503759398496241,0.11249111809859237,1,Sell
Salih Uçan,Beşiktaş,Midfielder,0.0,0.0,0.0,0.21674876847290642,0.26666666666666666,0.0,0.14814814814814814,0.0,0.0,0.6548300878197788,0.11332007952286281,0.0,0.17142857142857143,0.0,0.11578947368421053,0.11246211971620966,1,Sell
Sandra,Club Brugge,Midfielder,0.08,0.0,0.07692307692307693,0.0,0.0,0.0,0.0,0.0,0.0,0.0,0.0,0.0,0.0,0.0,0.0518796992481203,0.013920185078079817,1,Sell
Sarr,Chelsea,Defender,0.0,0.0,0.0,0.17733990147783252,0.06666666666666667,0.39999999999999997,0.0,0.0,0.0,0.8778159602901872,0.1411530815109344,0.0,0.0,0.0,0.08947368421052632,0.11682995294374313,1,Sell
Savage,Man. United,Midfielder,0.0,0.0,0.0,0.0,0.0,0.0,0.0,0.0,0.0,0.0,0.0,0.0,0.0,0.0,0.007518796992481203,0.0005012531328320802,1,Sell
Schulz,Dortmund,Defender,0.0,0.0,0.0,0.19704433497536947,0.13333333333333333,0.0,0.14814814814814814,0.0,0.0,0.7785414280259642,0.25646123260437376,1.0,0.17142857142857143,0.06666666666666667,0.18421052631578946,0.19572228276654777,1,Sell
Seferović,Benfica,Forward,0.24,0.4,0.07692307692307693,0.0,0.0,0.0,0.0,0.0,0.0,0.0,0.0,0.0,0.0,0.0,0.013533834586466165,0.04869712743396955,1,Sell
Sensi,Inter,Midfielder,0.24,0.0,0.15384615384615385,0.0,0.0,0.0,0.0,0.0,0.0,0.0,0.0,0.0,0.0,0.0,0.01654135338345865,0.027359167148640832,1,Sell
Serdar Saatçı,Beşiktaş,Defender,0.08,0.0,0.07692307692307693,0.17733990147783252,0.0,0.34285714285714286,0.0,0.0,0.0,0.7556319205803743,0.04373757455268389,0.0,0.0,0.13333333333333333,0.07142857142857142,0.11208343474353435,1,Sell
Sergi Roberto,Barcelona,Midfielder,0.16,0.4,0.23076923076923078,0.07881773399014778,0.13333333333333333,0.17142857142857143,0.0,0.0,0.0,0.725085910652921,0.15308151093439362,0.0,0.2857142857142857,0.0,0.16541353383458646,0.16690960737716468,1,Sell
Shabanov,Dynamo Kyiv,Defender,0.0,0.0,0.0,0.03940886699507389,0.0,0.2857142857142857,0.0,0.0,0.0,0.9389079801450935,0.06958250497017891,0.0,0.0,0.0,0.08045112781954886,0.09427098437627872,1,Sell
Shepeliev,Dynamo Kyiv,Midfielder,0.0,0.0,0.0,0.09852216748768473,0.13333333333333333,0.0,0.2222222222222222,0.0,0.0,0.0,0.0,0.0,0.0,0.0,0.06541353383458645,0.03463275045852178,1,Sell
Shevchenko,Shakhtar Donetsk,Goalkeeper,0.0,0.0,0.0,0.0,0.0,0.0,0.0,0.0,0.0,0.0,0.0,0.0,0.0,0.0,0.0037593984962406013,0.0002506265664160401,1,Sell
Shkurin,Dynamo Kyiv,Forward,0.0,0.0,0.0,0.019704433497536946,0.06666666666666667,0.11428571428571428,0.0,0.0,0.0,0.4807178312332952,0.04373757455268389,0.0,0.0,0.0,0.10526315789473684,0.055358358542042255,1,Sell
Shoretire,Man. United,Midfielder,0.0,0.0,0.0,0.019704433497536946,0.0,0.0,0.07407407407407407,0.2,0.4,0.0,0.0,0.0,0.0,0.0,0.024812030075187966,0.047906035843119935,1,Sell
Slimani,Sporting CP,Forward,0.0,0.0,0.0,0.0,0.0,0.0,0.14814814814814814,0.0,0.4,0.5952653684612448,0.04572564612326043,0.0,0.05714285714285714,0.0,0.09323308270676692,0.08930100683881849,1,Sell
Spielmann,Young Boys,Midfielder,0.0,0.0,0.0,0.0,0.0,0.0,0.0,0.0,0.0,0.0,0.0,0.0,0.0,0.0,0.011278195488721804,0.0007518796992481202,1,Sell
Stanišić,Bayern,Defender,0.0,0.0,0.0,0.0,0.0,0.0,0.0,0.0,0.0,0.0,0.0,0.0,0.0,0.0,0.02706766917293233,0.0018045112781954887,1,Sell
Steffen,Man. City,Goalkeeper,0.0,0.0,0.0,0.0,0.0,0.0,0.0,0.0,0.0,0.9083619702176404,0.049701789264413515,0.0,0.0,0.2,0.03007518796992481,0.07920926316346526,1,Sell
Sudakov,Shakhtar Donetsk,Midfielder,0.24,0.8,0.15384615384615385,0.03940886699507389,0.0,0.0,0.07407407407407407,0.06666666666666667,0.0,0.0,0.0,0.0,0.0,0.0,0.062406015037593986,0.09576011844130415,1,Sell
Sulejmani,Young Boys,Midfielder,0.0,0.0,0.0,0.0,0.0,0.0,0.0,0.0,0.0,0.0,0.0,0.0,0.0,0.0,0.0,0.0,1,Sell
Supryaha,Dynamo Kyiv,Forward,0.0,0.0,0.0,0.019704433497536946,0.2,0.0,0.14814814814814814,0.13333333333333333,0.0,0.0,0.0,0.0,0.0,0.0,0.08195488721804511,0.03887605347980424,1,Sell
Szczęsny,Juventus,Goalkeeper,0.0,0.0,0.0,0.0,0.0,0.0,0.0,0.0,0.0,0.7861779305078274,0.34990059642147114,0.0,0.0,0.5333333333333333,0.23609022556390974,0.12703347238843612,1,Sell
Tagliafico,Ajax,Defender,0.08,0.0,0.23076923076923078,0.19704433497536947,0.26666666666666666,0.05714285714285714,0.07407407407407407,0.3333333333333333,0.0,0.6685757922871325,0.1371769383697813,0.256,0.34285714285714286,0.06666666666666667,0.12481203007518797,0.18900793781449618,1,Sell
Taylor,Ajax,Midfielder,0.0,0.0,0.0,0.019704433497536946,0.06666666666666667,0.0,0.2222222222222222,0.0,0.0,0.0,0.0,0.0,0.0,0.0,0.04962406015037593,0.023881158835786787,1,Sell
Ter Stegen,Barcelona,Goalkeeper,0.0,0.0,0.0,0.0,0.0,0.0,0.0,0.0,0.0,0.8579610538373426,0.42345924453280315,0.0,0.0,0.8,0.21804511278195488,0.15329769407680674,1,Sell
Tigges,Dortmund,Forward,0.16,0.4,0.15384615384615385,0.0,0.0,0.0,0.2962962962962963,0.06666666666666667,0.0,0.3814432989690722,0.03777335984095427,0.0,0.0,0.0,0.10075187969924812,0.10645184368789275,1,Sell
Tijani,Salzburg,Midfielder,0.0,0.0,0.0,0.03940886699507389,0.13333333333333333,0.0,0.0,0.0,0.0,0.0,0.0,0.0,0.0,0.0,0.02330827067669173,0.01307003140033993,1,Sell
Tillman,Bayern,Midfielder,0.0,0.0,0.0,0.0,0.0,0.0,0.0,0.0,0.0,0.0,0.0,0.0,0.0,0.0,0.02706766917293233,0.0018045112781954887,1,Sell
Toni Martínez,Porto,Forward,0.08,0.4,0.46153846153846156,0.019704433497536946,0.06666666666666667,0.0,0.14814814814814814,0.2,0.0,0.8625429553264605,0.03976143141153081,0.0,0.11428571428571428,0.0,0.1473684210526316,0.16933441546181005,1,Sell
Traoré,Shakhtar Donetsk,Forward,0.08,0.0,0.15384615384615385,0.0,0.0,0.0,0.07407407407407407,0.06666666666666667,0.0,0.06071019473081346,0.04373757455268389,0.0,0.0,0.0,0.07894736842105263,0.03719880215276297,1,Sell
Trippier,Atlético,Defender,0.0,0.0,0.0,0.13793103448275862,0.2,0.05714285714285714,0.07407407407407407,0.26666666666666666,0.0,0.6227567773959526,0.18886679920477134,0.32,0.2857142857142857,0.13333333333333333,0.20300751879699247,0.1659662231207795,1,Sell
Trubin,Shakhtar Donetsk,Goalkeeper,0.0,0.0,0.0,0.0,0.0,0.0,0.0,0.0,0.0,0.770904925544101,0.1868787276341948,0.0,0.0,0.3333333333333333,0.11654135338345864,0.09384388932633918,1,Sell
Tymchyk,Dynamo Kyiv,Defender,0.08,0.0,0.3076923076923077,0.19704433497536947,0.06666666666666667,0.05714285714285714,0.14814814814814814,0.2,0.4,0.6609392898052693,0.1868787276341948,0.0,0.17142857142857143,0.13333333333333333,0.16541353383458646,0.18497918471075359,1,Sell
Tătăruşanu,Milan,Goalkeeper,0.0,0.0,0.0,0.0,0.0,0.0,0.0,0.0,0.0,0.8823978617793051,0.18489065606361826,0.0,0.0,0.4,0.1398496240601504,0.10714254279353826,1,Sell
Ulreich,Bayern,Goalkeeper,0.0,0.0,0.0,0.0,0.0,0.0,0.0,0.0,0.0,0.9847269950362734,0.0636182902584493,0.0,0.0,0.06666666666666667,0.04661654135338346,0.07744189955431818,1,Sell
Vallejo,Real Madrid,Defender,0.0,0.0,0.0,0.03940886699507389,0.0,0.11428571428571428,0.0,0.0,0.0,0.0,0.0,0.0,0.0,0.0,0.011278195488721804,0.010998185117967331,1,Sell
Vecino,Inter,Midfielder,0.0,0.0,0.0,0.059113300492610835,0.0,0.11428571428571428,0.0,0.0,0.0,0.45780832378770525,0.07952286282306162,0.0,0.05714285714285714,0.0,0.1421052631578947,0.0606652214459896,1,Sell
Verbič,Dynamo Kyiv,Midfielder,0.24,0.8,0.23076923076923078,0.07881773399014778,0.13333333333333333,0.0,0.2222222222222222,0.26666666666666666,0.4,0.048491790759832176,0.05168986083499005,0.0,0.0,0.0,0.09849624060150375,0.17136580527852843,1,Sell
Vida,Beşiktaş,Defender,0.0,0.0,0.0,0.31527093596059114,0.06666666666666667,0.11428571428571428,0.2962962962962963,0.26666666666666666,0.4,0.8778159602901872,0.19681908548707752,0.0,0.0,0.26666666666666666,0.143609022556391,0.19627313432508384,1,Sell
Vitinho,Dynamo Kyiv,Midfielder,0.08,0.0,0.23076923076923078,0.059113300492610835,0.0,0.0,0.07407407407407407,0.26666666666666666,0.0,0.5372279495990837,0.05566600397614314,0.0,0.11428571428571428,0.0,0.10150375939849623,0.10128711328413466,1,Sell
Vitão,Shakhtar Donetsk,Defender,0.0,0.0,0.0,0.059113300492610835,0.06666666666666667,0.5714285714285714,0.07407407407407407,0.0,0.4,0.9236349751813671,0.14512922465208747,0.0,0.0,0.2,0.07067669172932331,0.1673815669483134,1,Sell
Vlachodimos,Benfica,Goalkeeper,0.0,0.0,0.0,0.0,0.0,0.0,0.0,0.0,0.0,0.630393279877816,0.6858846918489064,0.0,0.0,1.0,0.4165413533834586,0.18218795500734541,1,Sell
Vlahović,Juventus,Forward,0.4,0.0,0.15384615384615385,0.0,0.0,0.0,0.0,0.0,0.0,0.6792668957617412,0.057654075546719676,0.0,0.05714285714285714,0.0,0.1571428571428571,0.10033685596268858,1,Sell
Von Ballmoos,Young Boys,Goalkeeper,0.0,0.0,0.0,0.0,0.0,0.0,0.0,0.0,0.0,0.6181748759068348,0.16898608349900596,0.0,0.0,0.3333333333333333,0.09172932330827066,0.08081490773649633,1,Sell
Waldschmidt,Wolfsburg,Forward,0.16,0.0,0.23076923076923078,0.019704433497536946,0.06666666666666667,0.05714285714285714,0.14814814814814814,0.0,0.4,0.6380297823596792,0.059642147117296214,0.0,0.0,0.0,0.11729323308270675,0.12649309991894145,1,Sell
Wesley,Club Brugge,Forward,0.0,0.0,0.0,0.0,0.0,0.0,0.0,0.0,0.0,0.0,0.0,0.0,0.0,0.0,0.027819548872180452,0.0018546365914786968,1,Sell
Woltman,Liverpool,Midfielder,0.0,0.0,0.0,0.0,0.0,0.0,0.0,0.0,0.0,0.0,0.0,0.0,0.0,0.0,0.0030075187969924814,0.0002005012531328321,1,Sell
Yakhshiboev,Sheriff,Forward,0.32,0.4,0.23076923076923078,0.059113300492610835,0.26666666666666666,0.05714285714285714,0.37037037037037035,0.0,0.0,0.3081328751431845,0.073558648111332,0.0,0.05714285714285714,0.0,0.20977443609022553,0.15684474946195565,1,Sell
Yansané,Sheriff,Forward,0.24,0.0,0.23076923076923078,0.09852216748768473,0.0,0.05714285714285714,0.07407407407407407,0.13333333333333333,0.0,0.6074837724322262,0.073558648111332,0.0,0.0,0.0,0.162406015037594,0.11181933989255549,1,Sell
Yusuf Yazıcı,LOSC,Midfielder,0.08,0.4,0.3076923076923077,0.019704433497536946,0.0,0.0,0.14814814814814814,0.13333333333333333,0.4,0.0,0.0,0.0,0.0,0.0,0.06541353383458645,0.1036194504337275,1,Sell
Zakaria,Juventus,Midfielder,0.0,0.0,0.0,0.019704433497536946,0.0,0.0,0.0,0.0,0.0,0.0,0.0,0.0,0.0,0.0,0.013533834586466165,0.0022158845389335406,1,Sell
Zesiger,Young Boys,Defender,0.0,0.0,0.0,0.019704433497536946,0.0,0.0,0.0,0.0,0.0,0.0,0.0,0.0,0.0,0.0,0.0,0.0013136288998357964,1,Sell
Zhegrova,LOSC,Midfielder,0.0,0.0,0.0,0.019704433497536946,0.0,0.0,0.07407407407407407,0.0,0.0,0.0,0.0,0.0,0.0,0.0,0.014285714285714284,0.00720428145715502,1,Sell
Óliver Torres,Sevilla,Midfielder,0.08,0.0,0.3076923076923077,0.07881773399014778,0.0,0.0,0.0,0.0,0.0,0.7174494081710576,0.24254473161033796,0.32,0.2857142857142857,0.13333333333333333,0.19398496240601504,0.15730245086116568,1,Sell
Óscar Rodríguez,Sevilla,Midfielder,0.08,0.0,0.07692307692307693,0.03940886699507389,0.06666666666666667,0.0,0.0,0.0,0.0,0.0,0.0,0.0,0.0,0.0,0.028571428571428567,0.019438002610416404,1,Sell
Šimić,Salzburg,Forward,0.08,0.4,0.07692307692307693,0.0,0.0,0.0,0.0,0.0,0.0,0.0,0.0,0.0,0.0,0.0,0.009774436090225564,0.03777983420088683,1,Sell
Aaronson,Salzburg,Midfielder,0.72,1.0,0.6153846153846154,0.33497536945812806,0.26666666666666666,0.17142857142857143,0.2222222222222222,0.8666666666666667,0.0,0.6655211912943872,0.4751491053677932,0.432,1.0,0.26666666666666666,0.7781954887218044,0.5209917709251682,0,Keep
Acuña,Sevilla,Defender,0.0,0.0,0.0,0.37438423645320196,0.5333333333333333,0.22857142857142856,0.8888888888888888,0.4,0.0,0.6914852997327225,0.5467196819085487,0.64,1.0,1.0,0.324812030075188,0.44187965993088746,0,Keep
Adams,Leipzig,Midfielder,0.0,0.0,0.0,0.15763546798029557,0.5333333333333333,0.11428571428571428,0.4444444444444444,0.13333333333333333,1.0,0.8686521573119512,0.3300198807157057,0.0,0.05714285714285714,0.0,0.2924812030075188,0.2620885594370102,0,Keep
Adamu,Salzburg,Forward,0.32,0.8,0.6153846153846154,0.11822660098522167,0.5333333333333333,0.0,0.7407407407407407,0.13333333333333333,0.0,0.42573501336387937,0.11729622266401589,0.0,0.05714285714285714,0.0,0.24511278195488723,0.2737536999268589,0,Keep
Addo,Sheriff,Midfielder,0.08,0.0,0.46153846153846156,0.5320197044334976,1.0,0.5714285714285714,1.0,0.26666666666666666,1.0,0.8045055364642995,0.27236580516898606,0.0,0.0,0.13333333333333333,0.4488721804511278,0.43804868396566293,0,Keep
Adeyemi,Salzburg,Forward,1.0,1.0,0.6153846153846154,0.15763546798029557,0.26666666666666666,0.0,0.6666666666666666,1.0,0.8,0.3142420771286752,0.17892644135188865,0.448,0.39999999999999997,0.06666666666666667,0.5203007518796993,0.4956326235816783,0,Keep
Aebischer,Young Boys,Midfielder,0.56,0.4,0.46153846153846156,0.6502463054187192,0.4666666666666667,0.11428571428571428,0.4444444444444444,0.26666666666666666,0.8,0.8090874379534174,0.540755467196819,0.752,1.0,0.2,0.4052631578947368,0.5247302881377097,0,Keep
Ahmedhodžić,Malmö,Defender,0.0,0.0,0.0,0.6305418719211823,0.4,1.0,0.4444444444444444,0.0,0.4,0.770904925544101,0.4473161033797216,0.0,0.0,0.6666666666666666,0.34812030075187966,0.3405329541805331,0,Keep
Akanji,Dortmund,Defender,0.16,0.4,0.38461538461538464,0.768472906403941,0.3333333333333333,0.6857142857142857,0.07407407407407407,0.13333333333333333,0.0,0.8319969453990073,0.5944333996023856,0.0,0.05714285714285714,0.6,0.3804511278195489,0.3602378431625433,0,Keep
Aké,Man. City,Defender,0.32,0.0,0.46153846153846156,0.37438423645320196,0.2,1.0,0.2222222222222222,0.26666666666666666,0.4,0.8823978617793051,0.514910536779324,0.0,0.0,0.4666666666666667,0.2774436090225564,0.35908201740856033,0,Keep
Alaba,Real Madrid,Defender,0.4,1.0,0.9230769230769231,0.9655172413793104,1.0,1.0,0.6666666666666666,0.06666666666666667,0.4,0.9129438717067584,0.9999999999999999,0.176,0.9714285714285714,1.0,0.844360902255639,0.7551107228787024,0,Keep
Alan Patrick,Shakhtar Donetsk,Midfielder,0.48,1.0,0.3076923076923077,0.19704433497536947,0.13333333333333333,0.05714285714285714,0.4444444444444444,0.4,0.0,0.7449408171057657,0.3041749502982107,0.8,0.22857142857142856,0.26666666666666666,0.2789473684210526,0.3761972339100957,0,Keep
Albiol,Villarreal,Defender,0.16,0.4,0.9230769230769231,1.0,0.6,1.0,0.6666666666666666,0.4,0.4,0.8151966399389081,0.8747514910536779,0.0,0.05714285714285714,0.9333333333333333,0.8699248120300752,0.6066728482161629,0,Keep
Alex Sandro,Juventus,Defender,0.48,0.0,0.5384615384615385,0.6305418719211823,0.7333333333333333,0.6285714285714286,0.5925925925925926,0.6,0.0,0.8304696449026348,0.6461232604373757,0.224,0.39999999999999997,0.7333333333333333,0.518796992481203,0.5037482664023082,0,Keep
Alex Telles,Man. United,Defender,0.08,0.0,0.3076923076923077,0.2561576354679803,0.2,0.22857142857142856,0.14814814814814814,0.4,0.8,0.8472699503627339,0.35586481113320073,0.336,1.0,0.8,0.25187969924812026,0.400772265374928,0,Keep
Alexander-Arnold,Liverpool,Defender,0.96,1.0,0.6923076923076923,1.0,0.06666666666666667,1.0,0.37037037037037035,0.4,0.8,0.725085910652921,0.9999999999999999,0.464,1.0,1.0,0.6526315789473683,0.7420708145963346,0,Keep
Alexis Sánchez,Inter,Forward,0.16,0.0,0.46153846153846156,0.07881773399014778,0.4,0.0,0.14814814814814814,0.13333333333333333,0.8,0.725085910652921,0.1332007952286282,0.0,0.0,0.0,0.14285714285714285,0.2121987683832522,0,Keep
Alisson Becker,Liverpool,Goalkeeper,0.0,0.0,0.0,0.0,0.0,0.0,0.0,0.0,0.0,0.8732340588010692,0.9165009940357852,0.0,0.0,1.0,0.5172932330827067,0.2204685523946374,0,Keep
Alonso,Chelsea,Defender,0.96,1.0,0.6153846153846154,0.33497536945812806,0.2,0.22857142857142856,0.8148148148148148,0.4666666666666667,0.4,0.8213058419243986,0.5964214711729622,0.608,1.0,0.6666666666666666,0.5180451127819549,0.6153901324961091,0,Keep
André,LOSC,Midfielder,0.4,1.0,0.5384615384615385,0.9655172413793104,1.0,0.6285714285714286,0.6666666666666666,0.6666666666666666,1.0,0.7556319205803743,0.6998011928429423,0.0,0.22857142857142856,0.4666666666666667,0.6015037593984962,0.6412039006537013,0,Keep
André Almeida,Benfica,Defender,0.0,0.0,0.0,0.2955665024630542,0.4,0.45714285714285713,0.14814814814814814,0.3333333333333333,0.0,0.8228331424207713,0.20477137176938368,0.528,0.17142857142857143,0.4666666666666667,0.22255639097744362,0.270029798956682,0,Keep
André Silva,Leipzig,Forward,1.0,1.0,0.46153846153846156,0.15763546798029557,0.2,0.05714285714285714,0.5925925925925926,0.5333333333333333,0.0,0.7831233295150821,0.19681908548707752,1.0,0.17142857142857143,0.06666666666666667,0.3548872180451128,0.43834450558200333,0,Keep
Angeliño,Leipzig,Defender,0.4,1.0,0.38461538461538464,0.27586206896551724,0.2,0.2857142857142857,0.2962962962962963,0.13333333333333333,0.8,0.6090110729285989,0.3578528827037773,0.41600000000000004,1.0,0.6666666666666666,0.381203007518797,0.4804369999161772,0,Keep
Antony,Ajax,Forward,1.0,1.0,0.5384615384615385,0.49261083743842365,0.4666666666666667,0.11428571428571428,0.37037037037037035,0.6,0.4,0.7541046200840016,0.6401590457256461,0.28800000000000003,1.0,0.13333333333333333,0.4894736842105262,0.5524977207050815,0,Keep
Arboleda,Sheriff,Defender,0.08,0.0,0.46153846153846156,0.5911330049261084,0.06666666666666667,1.0,0.07407407407407407,0.06666666666666667,0.4,0.7983963344788088,0.28827037773359837,0.0,0.0,0.4,0.4007518796992481,0.3084998310522422,0,Keep
Arnold,Wolfsburg,Midfielder,0.4,0.4,0.46153846153846156,0.5911330049261084,0.3333333333333333,0.45714285714285713,0.7407407407407407,0.6,1.0,0.7052310042000765,0.5288270377733598,0.608,1.0,1.0,0.5060150375939849,0.6221307651499282,0,Keep
Arthur,Juventus,Midfielder,0.16,0.0,0.46153846153846156,0.27586206896551724,0.2,0.05714285714285714,0.2962962962962963,0.26666666666666666,0.4,0.9389079801450935,0.5825049701789263,0.8,0.11428571428571428,0.4666666666666667,0.2646616541353384,0.3523022224014358,0,Keep
Asensio,Real Madrid,Forward,0.4,0.8,0.6153846153846154,0.059113300492610835,0.06666666666666667,0.05714285714285714,0.14814814814814814,0.0,0.0,0.6120656739213439,0.1769383697813121,0.4,0.22857142857142856,0.06666666666666667,0.21353383458646613,0.25628210409080776,0,Keep
Azmoun,Zenit,Forward,0.64,0.4,0.38461538461538464,0.13793103448275862,0.2,0.22857142857142856,0.2222222222222222,0.06666666666666667,0.0,0.3218785796105385,0.11133200795228627,0.8,0.11428571428571428,0.0,0.22781954887218045,0.25702150581861205,0,Keep
Azpilicueta,Chelsea,Defender,0.24,0.0,0.6923076923076923,0.5123152709359606,0.4,0.5142857142857142,0.6666666666666666,0.2,0.4,0.8472699503627339,0.9761431411530814,0.24,1.0,0.2,0.6165413533834586,0.5003686526063539,0,Keep
Baku,Wolfsburg,Midfielder,0.16,0.4,0.46153846153846156,0.21674876847290642,0.0,0.45714285714285713,0.2222222222222222,0.06666666666666667,0.0,0.5525009545628103,0.28628230616302186,0.176,0.5142857142857142,0.13333333333333333,0.36541353383458647,0.267475654548172,0,Keep
Balanta,Club Brugge,Midfielder,0.0,0.0,0.0,0.729064039408867,0.6666666666666666,0.5142857142857142,1.0,0.2,1.0,0.7220313096601756,0.3081510934393638,0.0,0.11428571428571428,0.06666666666666667,0.381203007518797,0.380156947462131,0,Keep
Bamba,LOSC,Forward,0.32,1.0,0.46153846153846156,0.37438423645320196,0.3333333333333333,0.39999999999999997,0.5185185185185185,0.7333333333333333,1.0,0.7449408171057657,0.43339960238568587,0.64,1.0,0.5333333333333333,0.43759398496240604,0.595358374730936,0,Keep
Barella,Inter,Midfielder,0.56,0.0,0.46153846153846156,0.2561576354679803,0.6666666666666666,0.11428571428571428,0.2222222222222222,0.4666666666666667,0.0,0.8045055364642995,0.6083499005964214,0.8,0.45714285714285713,0.3333333333333333,0.4917293233082707,0.4161732211795262,0,Keep
Barkley,Chelsea,Midfielder,0.24,0.4,0.23076923076923078,0.059113300492610835,0.0,0.0,0.0,0.0,0.0,0.8671248568155785,0.1371769383697813,0.592,0.45714285714285713,0.2,0.09548872180451126,0.2185877270263047,0,Keep
Barrios,Zenit,Midfielder,0.08,0.4,0.46153846153846156,0.8078817733990148,0.7333333333333333,0.7428571428571429,0.4444444444444444,0.6,0.4,0.9037800687285225,0.6083499005964214,0.0,0.11428571428571428,0.5333333333333333,0.46240601503759393,0.48614734583693214,0,Keep
Bastoni,Inter,Defender,0.08,0.0,0.6153846153846154,0.9064039408866995,0.4666666666666667,1.0,0.8148148148148148,0.5333333333333333,0.8,0.8625429553264605,0.8588469184890655,0.28800000000000003,0.6285714285714286,1.0,0.5759398496240601,0.6287003015398097,0,Keep
Batshuayi,Beşiktaş,Forward,0.8,0.4,0.38461538461538464,0.07881773399014778,0.13333333333333333,0.11428571428571428,0.4444444444444444,0.2,0.4,0.6212294768995801,0.17495029821073557,0.0,0.11428571428571428,0.0,0.3270676691729323,0.27953531794919917,0,Keep
Bellingham,Dortmund,Midfielder,1.0,1.0,0.46153846153846156,0.4729064039408867,1.0,0.2857142857142857,0.5925925925925926,1.0,0.4,0.828942344406262,0.5586481113320079,0.448,0.39999999999999997,0.26666666666666666,0.4684210526315789,0.6122286612548496,0,Keep
Bennacer,Milan,Midfielder,0.16,0.4,0.46153846153846156,0.6108374384236454,0.6,0.2857142857142857,0.5185185185185185,0.5333333333333333,0.4,0.8136693394425354,0.3976143141153081,0.5760000000000001,0.6285714285714286,1.0,0.35413533834586464,0.5159954972002254,0,Keep
Bentancur,Juventus,Midfielder,0.16,0.0,0.38461538461538464,0.45320197044334976,0.4666666666666667,0.11428571428571428,0.37037037037037035,0.13333333333333333,0.0,0.770904925544101,0.40954274353876735,0.0,0.22857142857142856,0.0,0.3661654135338346,0.2571771967268634,0,Keep
Benzema,Real Madrid,Forward,1.0,1.0,0.9230769230769231,0.11822660098522167,0.06666666666666667,0.5714285714285714,0.14814814814814814,0.26666666666666666,0.4,0.7724322260404735,0.9999999999999999,0.32,0.5714285714285714,0.26666666666666666,0.9135338345864661,0.5558849917129584,0,Keep
Berget,Malmö,Midfielder,0.0,0.0,0.0,0.2955665024630542,0.2,0.9142857142857143,0.2222222222222222,0.26666666666666666,0.0,0.48377243222604055,0.32206759443339955,0.448,0.39999999999999997,0.0,0.39849624060150374,0.26340515819324006,0,Keep
Berghuis,Ajax,Forward,1.0,1.0,0.6153846153846154,0.27586206896551724,0.4,0.17142857142857143,0.2222222222222222,0.06666666666666667,0.4,0.7556319205803743,0.5506958250497017,0.512,1.0,0.13333333333333333,0.6,0.5135483482420669,0,Keep
Bernardeschi,Juventus,Midfielder,0.56,0.4,0.38461538461538464,0.19704433497536947,0.13333333333333333,0.11428571428571428,0.14814814814814814,0.26666666666666666,0.0,0.8350515463917527,0.26043737574552683,0.608,1.0,0.4666666666666667,0.27293233082706764,0.37647876677704206,0,Keep
Bernardo Silva,Man. City,Midfielder,0.56,0.4,0.8461538461538463,0.49261083743842365,0.6,0.2857142857142857,0.7407407407407407,0.4,0.0,0.9022527682321497,0.9184890656063618,0.368,0.9714285714285714,0.3333333333333333,0.9045112781954886,0.5815489817895467,0,Keep
Birmančević,Malmö,Midfielder,0.4,0.4,0.46153846153846156,0.15763546798029557,0.4,0.11428571428571428,0.07407407407407407,0.6666666666666666,0.0,0.6487208858342879,0.18290258449304173,0.528,0.17142857142857143,0.2,0.33533834586466166,0.3160393848110517,0,Keep
Blind,Ajax,Defender,0.32,0.4,0.6153846153846154,0.6305418719211823,0.7333333333333333,0.45714285714285713,0.37037037037037035,0.0,0.4,0.7846506300114549,0.8727634194831013,0.848,0.8571428571428571,1.0,0.5330827067669173,0.5881608441037792,0,Keep
Bonucci,Juventus,Defender,0.0,0.0,0.0,0.7093596059113301,0.4,0.9714285714285714,0.0,0.0,0.0,0.8671248568155785,0.8628230616302186,0.0,0.0,1.0,0.4556390977443609,0.35109167956867066,0,Keep
Bornauw,Wolfsburg,Defender,0.16,0.0,0.23076923076923078,0.2955665024630542,0.06666666666666667,0.5714285714285714,0.2222222222222222,0.0,0.4,0.6533027873234059,0.1709741550695825,0.0,0.0,0.13333333333333333,0.16766917293233083,0.20479550948055986,0,Keep
Botman,LOSC,Defender,0.24,0.0,0.38461538461538464,0.729064039408867,0.4666666666666667,1.0,0.07407407407407407,0.2,0.4,0.8472699503627339,0.4930417495029821,0.0,0.0,0.8666666666666667,0.356390977443609,0.40385263391606563,0,Keep
Bozdoğan,Beşiktaş,Midfielder,0.16,0.0,0.3076923076923077,0.07881773399014778,0.06666666666666667,0.0,0.2962962962962963,0.4666666666666667,0.4,0.6456662848415426,0.1033797216699801,1.0,0.05714285714285714,0.06666666666666667,0.21278195488721804,0.25745181043468995,0,Keep
Brahim Díaz,Milan,Midfielder,0.4,0.4,0.38461538461538464,0.11822660098522167,0.13333333333333333,0.05714285714285714,0.2222222222222222,0.8,0.4,0.706758304696449,0.24652087475149104,0.0,0.05714285714285714,0.06666666666666667,0.3300751879699248,0.28818028596842715,0,Keep
Brandt,Dortmund,Midfielder,0.32,0.4,0.38461538461538464,0.45320197044334976,0.06666666666666667,0.11428571428571428,0.14814814814814814,0.13333333333333333,0.0,0.7800687285223367,0.4771371769383697,0.41600000000000004,1.0,0.3333333333333333,0.38947368421052625,0.36108427603314414,0,Keep
Brooks,Wolfsburg,Defender,0.0,0.0,0.0,0.35467980295566504,0.2,1.0,0.37037037037037035,0.0,1.0,0.801450935471554,0.33200795228628227,0.0,0.0,0.8666666666666667,0.27293233082706764,0.3465405372385071,0,Keep
Brorsson,Malmö,Defender,0.0,0.0,0.0,0.33497536945812806,0.26666666666666666,1.0,0.37037037037037035,0.13333333333333333,0.8,0.7281405116456663,0.3240556660039761,0.0,0.0,0.26666666666666666,0.375187969924812,0.3066264369379746,0,Keep
Brozović,Inter,Midfielder,0.88,1.0,0.6153846153846154,0.7487684729064039,1.0,0.34285714285714286,0.37037037037037035,0.4,0.0,0.8869797632684231,0.9999999999999999,1.0,0.45714285714285713,1.0,0.6714285714285714,0.6915287862238924,0,Keep
Bruno,Sheriff,Midfielder,0.24,0.4,0.46153846153846156,0.19704433497536947,0.13333333333333333,0.34285714285714286,0.5185185185185185,0.3333333333333333,0.0,0.66704849179076,0.16302186878727631,0.8,0.34285714285714286,0.13333333333333333,0.2894736842105263,0.33482397636901323,0,Keep
Bruno Fernandes,Man. United,Midfielder,0.96,1.0,0.5384615384615385,0.33497536945812806,0.8666666666666667,0.39999999999999997,0.37037037037037035,0.6,0.0,0.6975945017182132,0.6441351888667991,0.336,1.0,0.7333333333333333,0.4390977443609022,0.5947089808823967,0,Keep
Bruno Tabata,Sporting CP,Midfielder,0.32,0.8,0.3076923076923077,0.059113300492610835,0.3333333333333333,0.11428571428571428,0.37037037037037035,0.13333333333333333,0.4,0.6334478808705613,0.15109343936381708,0.32,0.2857142857142857,0.26666666666666666,0.21278195488721804,0.3138555058006812,0,Keep
Burak Yılmaz,LOSC,Forward,0.0,0.0,0.0,0.03940886699507389,0.06666666666666667,0.05714285714285714,0.5925925925925926,0.7333333333333333,0.8,0.5204276441389843,0.25844930417495027,0.256,0.6857142857142857,0.6,0.42255639097744363,0.3354861294490792,0,Keep
Buyalskiy,Dynamo Kyiv,Midfielder,0.32,0.4,0.38461538461538464,0.15763546798029557,0.3333333333333333,0.05714285714285714,0.14814814814814814,0.9333333333333333,0.4,0.7311951126384117,0.2007952286282306,0.8,0.11428571428571428,0.0,0.4398496240601504,0.3613556136110572,0,Keep
C. Martins Pereira,Young Boys,Midfielder,0.4,0.4,0.38461538461538464,0.6305418719211823,0.6666666666666666,0.34285714285714286,0.5185185185185185,0.26666666666666666,0.4,0.896143566246659,0.35188866799204765,0.0,0.0,0.4,0.33458646616541354,0.3994989967766455,0,Keep
Calabria,Milan,Defender,0.08,0.0,0.3076923076923077,0.45320197044334976,0.0,0.6285714285714286,0.14814814814814814,0.2,0.0,0.6685757922871325,0.23856858846918486,0.4,0.45714285714285713,0.4,0.2894736842105263,0.284758318464329,0,Keep
Camara,Salzburg,Midfielder,0.24,0.0,0.6153846153846154,0.8078817733990148,0.9333333333333333,0.22857142857142856,1.0,1.0,0.8,0.824360442917144,0.7335984095427435,0.0,0.05714285714285714,1.0,0.6082706766917293,0.5899029024655245,0,Keep
Camara,Young Boys,Defender,0.16,0.0,0.3076923076923077,0.43349753694581283,0.4666666666666667,0.6285714285714286,0.2962962962962963,0.0,0.0,0.8319969453990073,0.4135188866799204,0.0,0.0,0.26666666666666666,0.22932330827067668,0.2689486695459189,0,Keep
Camavinga,Real Madrid,Midfielder,0.16,0.0,0.7692307692307693,0.37438423645320196,1.0,0.34285714285714286,0.37037037037037035,0.6666666666666666,0.4,0.8426880488736159,0.35586481113320073,0.0,0.05714285714285714,0.4666666666666667,0.3022556390977444,0.4072084805661491,0,Keep
Capaldo,Salzburg,Midfielder,0.08,0.4,0.5384615384615385,0.5517241379310345,0.9333333333333333,0.2857142857142857,1.0,0.5333333333333333,1.0,0.5204276441389843,0.22266401590457255,0.4,0.45714285714285713,0.26666666666666666,0.2774436090225564,0.4977940947766109,0,Keep
Capoue,Villarreal,Midfielder,0.72,0.8,0.9230769230769231,1.0,0.7333333333333333,1.0,1.0,1.0,1.0,0.8350515463917527,0.9761431411530814,0.8,0.11428571428571428,0.26666666666666666,0.9842105263157894,0.8101845234148842,0,Keep
Carrasco,Atlético,Forward,0.48,1.0,0.5384615384615385,0.15763546798029557,0.06666666666666667,0.45714285714285713,0.07407407407407407,0.4666666666666667,0.0,0.7205040091638031,0.294234592445328,0.336,0.7999999999999999,0.7333333333333333,0.45187969924812027,0.43843992701217893,0,Keep
Carvajal,Real Madrid,Defender,0.4,0.0,0.8461538461538463,0.9852216748768473,0.8,1.0,1.0,0.4,1.0,0.8365788468881252,0.9999999999999999,0.544,1.0,0.7333333333333333,0.8481203007518796,0.7595605334669354,0,Keep
Casemiro,Real Madrid,Midfielder,0.8,0.8,0.8461538461538463,1.0,1.0,1.0,1.0,1.0,1.0,0.864070255822833,0.9999999999999999,0.4,0.22857142857142856,0.4,0.8090225563909773,0.8098545391292723,0,Keep
Castañeda,Sheriff,Midfielder,0.32,0.4,0.38461538461538464,0.21674876847290642,0.5333333333333333,0.17142857142857143,0.37037037037037035,0.3333333333333333,0.0,0.7189767086674304,0.17892644135188865,0.4,0.45714285714285713,0.06666666666666667,0.3421052631578947,0.3262431799027091,0,Keep
Chalobah,Chelsea,Defender,0.24,0.0,0.23076923076923078,0.13793103448275862,0.06666666666666667,0.22857142857142856,0.2222222222222222,0.0,0.4,0.8121420389461627,0.2107355864811133,0.0,0.05714285714285714,0.3333333333333333,0.1533834586466165,0.2061931904841593,0,Keep
Chiesa,Juventus,Forward,1.0,0.4,0.3076923076923077,0.07881773399014778,0.06666666666666667,0.05714285714285714,0.37037037037037035,0.7333333333333333,0.0,0.7938144329896908,0.17892644135188865,0.4,0.6857142857142857,0.06666666666666667,0.28195488721804507,0.36140666554241735,0,Keep
Chilwell,Chelsea,Defender,0.64,0.4,0.3076923076923077,0.09852216748768473,0.06666666666666667,0.05714285714285714,0.14814814814814814,0.06666666666666667,0.0,0.7602138220694923,0.17296222664015903,0.41600000000000004,0.8571428571428571,0.06666666666666667,0.17518796992481203,0.2822008237498879,0,Keep
Chistiakov,Zenit,Defender,0.4,0.8,0.38461538461538464,0.37438423645320196,0.4,1.0,0.5185185185185185,0.06666666666666667,0.8,0.9114165712103857,0.415506958250497,0.0,0.0,0.26666666666666666,0.38195488721804505,0.4479819926399578,0,Keep
Christensen,Chelsea,Defender,0.24,0.4,0.6153846153846154,0.8078817733990148,0.6666666666666666,0.7999999999999999,0.5185185185185185,0.26666666666666666,0.0,0.9297441771668578,0.9999999999999999,0.8,0.11428571428571428,0.4666666666666667,0.4706766917293233,0.5397660993656028,0,Keep
Christiansen,Malmö,Midfielder,0.4,0.4,0.3076923076923077,0.2561576354679803,0.13333333333333333,0.22857142857142856,0.2222222222222222,0.2,0.4,0.7373043146239022,0.3836978131212723,0.256,0.6857142857142857,0.7333333333333333,0.3150375939849624,0.3772709512043353,0,Keep
Claudinho,Zenit,Midfielder,1.0,1.0,0.46153846153846156,0.39408866995073893,0.4,0.17142857142857143,0.5185185185185185,0.5333333333333333,0.4,0.806032836960672,0.5308151093439363,0.72,1.0,0.3333333333333333,0.41954887218045106,0.5792425137725344,0,Keep
Clinton Mata,Club Brugge,Defender,0.16,0.0,0.46153846153846156,0.43349753694581283,0.5333333333333333,0.7999999999999999,0.5185185185185185,0.6666666666666666,0.4,0.5769377625047729,0.3976143141153081,0.432,0.6285714285714286,0.6666666666666666,0.45037593984962404,0.4750480419140396,0,Keep
Coates,Sporting CP,Defender,0.56,0.4,0.46153846153846156,0.5517241379310345,0.4,1.0,0.07407407407407407,0.2,0.4,0.8319969453990073,0.4771371769383697,0.0,0.0,0.6666666666666666,0.3827067669172932,0.42705628196432716,0,Keep
Coman,Bayern,Forward,1.0,1.0,0.6923076923076923,0.27586206896551724,0.13333333333333333,0.22857142857142856,0.4444444444444444,1.0,0.4,0.7892325315005728,0.6540755467196818,0.48,1.0,0.0,0.5736842105263157,0.5781007504245992,0,Keep
Coquelin,Villarreal,Midfielder,0.24,0.0,0.6153846153846154,0.2561576354679803,0.6,0.34285714285714286,0.6666666666666666,0.26666666666666666,0.8,0.7556319205803743,0.2982107355864811,0.8,0.11428571428571428,0.06666666666666667,0.4330827067669173,0.4170406980619484,0,Keep
Corona,Porto,Forward,0.0,0.0,0.0,0.17733990147783252,0.26666666666666666,0.2857142857142857,0.2222222222222222,0.26666666666666666,0.4,0.6792668957617412,0.15109343936381708,0.448,0.39999999999999997,0.13333333333333333,0.21052631578947367,0.2427219817997359,0,Keep
Correa,Atlético,Forward,0.72,0.8,0.7692307692307693,0.23645320197044334,0.3333333333333333,0.0,0.7407407407407407,0.5333333333333333,0.8,0.5051546391752577,0.27634194831013914,0.448,0.39999999999999997,0.06666666666666667,0.37293233082706767,0.46681246423918343,0,Keep
Courtois,Real Madrid,Goalkeeper,0.0,0.0,0.0,0.0,0.0,0.0,0.0,0.0,0.0,0.6746849942726232,0.9602385685884691,0.0,0.0,1.0,0.48270676691729325,0.2078420219852257,0,Keep
Cristiano,Sheriff,Defender,0.24,0.0,0.46153846153846156,0.35467980295566504,0.5333333333333333,1.0,0.2962962962962963,0.2,0.4,0.6227567773959526,0.31610337972166996,0.672,1.0,0.26666666666666666,0.47518796992481205,0.4559041791888571,0,Keep
Cuadrado,Juventus,Midfielder,0.24,0.0,0.5384615384615385,0.45320197044334976,0.4,0.5142857142857142,0.2222222222222222,0.6,0.8,0.8350515463917527,0.5089463220675944,0.512,1.0,0.2,0.42255639097744363,0.4831150469899743,0,Keep
Dahoud,Dortmund,Midfielder,0.48,1.0,0.3076923076923077,0.21674876847290642,0.06666666666666667,0.0,0.14814814814814814,0.13333333333333333,0.0,0.8167239404352806,0.2803180914512922,0.96,0.2857142857142857,0.13333333333333333,0.2120300751879699,0.3360472633623683,0,Keep
Dalot,Man. United,Defender,0.32,0.4,0.23076923076923078,0.17733990147783252,0.13333333333333333,0.5714285714285714,0.37037037037037035,0.0,0.4,0.729667812142039,0.268389662027833,0.528,0.34285714285714286,0.13333333333333333,0.15789473684210525,0.3175589396387862,0,Keep
Daniel Bragança,Sporting CP,Midfielder,0.24,0.4,0.38461538461538464,0.13793103448275862,0.13333333333333333,0.0,0.2222222222222222,0.4,0.4,0.9327987781596028,0.13121272365805167,0.0,0.0,0.13333333333333333,0.1421052631578947,0.24383680486417206,0,Keep
Danilo,Juventus,Defender,0.16,0.8,0.38461538461538464,0.4729064039408867,0.6,1.0,0.2962962962962963,0.4,0.0,0.8717067583046965,0.7196819085487077,0.0,0.39999999999999997,0.6,0.375187969924812,0.47202631477538565,0,Keep
Danilo,Paris,Midfielder,0.16,0.0,0.5384615384615385,0.2955665024630542,0.26666666666666666,0.5714285714285714,0.4444444444444444,0.2,0.8,0.7159221076746851,0.39562624254473155,0.0,0.0,0.3333333333333333,0.30526315789473685,0.33511417099411744,0,Keep
Danjuma,Villarreal,Midfielder,1.0,1.0,0.8461538461538463,0.059113300492610835,0.06666666666666667,0.2857142857142857,0.4444444444444444,0.4666666666666667,0.0,0.7037037037037037,0.3280318091451292,0.608,0.7428571428571429,0.0,0.8105263157894737,0.49079187877559793,0,Keep
Darmian,Inter,Defender,0.16,0.4,0.38461538461538464,0.059113300492610835,0.13333333333333333,0.11428571428571428,0.07407407407407407,0.13333333333333333,0.4,0.45017182130584193,0.11332007952286281,0.32,0.2857142857142857,0.06666666666666667,0.1887218045112782,0.21888998652369238,0,Keep
David,LOSC,Forward,0.96,0.8,0.6153846153846154,0.21674876847290642,0.06666666666666667,0.05714285714285714,0.2962962962962963,0.8,0.0,0.761741122565865,0.294234592445328,1.0,0.17142857142857143,0.06666666666666667,0.6473684210526315,0.4502452385414936,0,Keep
Davies,Bayern,Midfielder,0.56,0.8,0.5384615384615385,0.4729064039408867,0.26666666666666666,0.22857142857142856,0.5185185185185185,0.26666666666666666,0.0,0.8274150439098893,0.5526838966202783,0.41600000000000004,0.8571428571428571,0.26666666666666666,0.4616541353383458,0.4688902548335829,0,Keep
De Bruyne,Man. City,Midfielder,1.0,1.0,0.7692307692307693,0.21674876847290642,0.4,0.11428571428571428,0.6666666666666666,0.6,0.8,0.76479572355861,0.7892644135188867,0.41600000000000004,1.0,1.0,0.7180451127819548,0.6836691445677004,0,Keep
De Ketelaere,Club Brugge,Forward,0.64,0.4,0.46153846153846156,0.17733990147783252,0.06666666666666667,0.05714285714285714,0.07407407407407407,0.7333333333333333,0.0,0.6181748759068348,0.3121272365805169,0.48,0.7428571428571429,0.13333333333333333,0.4398496240601504,0.355762500464747,0,Keep
De Ligt,Juventus,Defender,0.08,0.4,0.5384615384615385,0.9655172413793104,0.3333333333333333,1.0,0.2222222222222222,0.13333333333333333,0.8,0.8411607483772432,0.687872763419483,1.0,0.05714285714285714,0.5333333333333333,0.537593984962406,0.5419980903976707,0,Keep
De Paul,Atlético,Midfielder,1.0,1.0,0.6923076923076923,0.49261083743842365,0.4,0.5142857142857142,0.8888888888888888,0.8666666666666667,0.8,0.6609392898052693,0.5825049701789263,0.464,0.9714285714285714,1.0,0.5601503759398496,0.7262522004626669,0,Keep
De Pena,Dynamo Kyiv,Midfielder,0.32,0.8,0.46153846153846156,0.19704433497536947,0.13333333333333333,0.17142857142857143,0.0,0.0,0.0,0.5769377625047729,0.24652087475149104,0.16,0.5714285714285714,0.2,0.3684210526315789,0.28044353083947665,0,Keep
De Roon,Atalanta,Midfielder,0.16,0.4,0.46153846153846156,0.6699507389162561,0.26666666666666666,0.8571428571428571,0.7407407407407407,0.06666666666666667,0.8,0.7479954180985109,0.592445328031809,0.0,0.05714285714285714,0.4,0.4669172932330827,0.4458138018785273,0,Keep
De Sciglio,Juventus,Defender,0.0,0.0,0.0,0.4729064039408867,0.3333333333333333,0.22857142857142856,0.37037037037037035,0.13333333333333333,0.0,0.806032836960672,0.28628230616302186,0.48,1.0,0.0,0.25037593984962403,0.29074706350151136,0,Keep
De Vrij,Inter,Defender,0.32,0.0,0.46153846153846156,0.6108374384236454,0.3333333333333333,0.9142857142857143,0.37037037037037035,0.13333333333333333,0.0,0.9190530736922491,0.6401590457256461,0.0,0.0,0.26666666666666666,0.4165413533834586,0.35907458605019194,0,Keep
Delaney,Sevilla,Midfielder,0.08,0.4,0.3076923076923077,0.17733990147783252,0.26666666666666666,0.17142857142857143,0.2962962962962963,0.13333333333333333,0.8,0.5799923634975181,0.15109343936381708,0.0,0.0,0.06666666666666667,0.21127819548872181,0.24278584946078213,0,Keep
Demiral,Atalanta,Defender,0.16,0.0,0.46153846153846156,0.6108374384236454,0.2,1.0,0.2962962962962963,0.13333333333333333,0.4,0.9114165712103857,0.34990059642147114,0.0,0.0,0.6,0.3172932330827068,0.36270772868708673,0,Keep
Depay,Barcelona,Forward,0.48,1.0,0.46153846153846156,0.03940886699507389,0.26666666666666666,0.0,0.2222222222222222,0.4,0.0,0.729667812142039,0.5049701789264412,0.592,1.0,0.5333333333333333,0.4842105263157895,0.44760120454266844,0,Keep
Dest,Barcelona,Defender,0.24,0.4,0.3076923076923077,0.21674876847290642,0.2,0.0,0.2222222222222222,0.2,0.4,0.8090874379534174,0.21669980119284293,0.0,0.45714285714285713,0.06666666666666667,0.2270676691729323,0.26422184870107684,0,Keep
Di María,Paris,Forward,0.64,0.8,0.38461538461538464,0.23645320197044334,0.4,0.11428571428571428,0.2962962962962963,0.13333333333333333,0.0,0.5662466590301642,0.30616302186878724,0.448,0.39999999999999997,0.26666666666666666,0.24135338345864663,0.3488942441016958,0,Keep
Dia,Villarreal,Forward,0.4,0.8,0.6153846153846154,0.059113300492610835,0.13333333333333333,0.17142857142857143,0.2222222222222222,0.2,0.0,0.3340969835815197,0.09145129224652086,0.0,0.0,0.06666666666666667,0.25037593984962403,0.22293819501371231,0,Keep
Diego Carlos,Sevilla,Defender,0.32,0.0,0.46153846153846156,0.8078817733990148,0.2,1.0,0.07407407407407407,0.2,0.8,0.8808705612829324,0.8230616302186878,0.0,0.0,0.7333333333333333,0.4413533834586466,0.44947421448701,0,Keep
Dimarco,Inter,Defender,0.48,0.8,0.5384615384615385,0.23645320197044334,0.13333333333333333,0.39999999999999997,0.2222222222222222,0.13333333333333333,0.4,0.8671248568155785,0.3141153081510934,0.464,1.0,0.6666666666666666,0.27293233082706764,0.4619095194520852,0,Keep
Diogo Jota,Liverpool,Forward,1.0,1.0,0.8461538461538463,0.2561576354679803,0.4666666666666667,0.05714285714285714,0.8148148148148148,0.4,0.8,0.7327224131347843,0.4652087475149105,0.0,0.05714285714285714,0.0,0.5556390977443609,0.4967765957188719,0,Keep
Djimsiti,Atalanta,Defender,0.0,0.0,0.0,0.6108374384236454,0.3333333333333333,0.45714285714285713,0.2222222222222222,0.06666666666666667,0.0,0.770904925544101,0.37972166998011925,1.0,0.05714285714285714,0.4,0.23684210526315788,0.302320938381264,0,Keep
Dodô,Shakhtar Donetsk,Defender,0.56,0.4,0.46153846153846156,0.729064039408867,0.6666666666666666,0.45714285714285713,0.37037037037037035,0.5333333333333333,0.0,0.8503245513554794,0.5745526838966202,0.16,0.5714285714285714,0.7333333333333333,0.4849624060150376,0.5035144849659732,0,Keep
Douglas Santos,Zenit,Defender,0.4,0.8,0.38461538461538464,0.45320197044334976,0.5333333333333333,1.0,0.2962962962962963,0.4,0.0,0.801450935471554,0.47316103379721663,0.624,1.0,0.26666666666666666,0.37969924812030076,0.5208283245829401,0,Keep
Dulanto,Sheriff,Defender,0.24,0.0,0.46153846153846156,0.6305418719211823,0.7333333333333333,1.0,0.37037037037037035,0.06666666666666667,1.0,0.7449408171057657,0.3876739562624254,0.0,0.0,0.7333333333333333,0.39849624060150374,0.4511263367422028,0,Keep
Dumfries,Inter,Defender,0.48,0.4,0.5384615384615385,0.19704433497536947,0.4,0.22857142857142856,0.8888888888888888,0.4666666666666667,0.4,0.6823214967544866,0.24652087475149104,0.224,0.7999999999999999,0.0,0.45263157894736844,0.4270071205344826,0,Keep
Dybala,Juventus,Forward,0.96,0.0,0.38461538461538464,0.13793103448275862,0.13333333333333333,0.0,0.14814814814814814,0.4,0.0,0.8319969453990073,0.3538767395626242,0.176,0.5142857142857142,0.2,0.23007518796992482,0.2980174991864597,0,Keep
Dzyuba,Zenit,Forward,0.48,0.8,0.46153846153846156,0.07881773399014778,0.06666666666666667,0.45714285714285713,0.07407407407407407,0.2,0.0,0.5082092401680032,0.12127236580516898,0.0,0.0,0.0,0.2345864661654135,0.2321538577033862,0,Keep
Džeko,Inter,Forward,1.0,1.0,0.5384615384615385,0.11822660098522167,0.0,0.2857142857142857,0.2222222222222222,0.6666666666666666,0.0,0.6166475754104621,0.3121272365805169,0.0,0.34285714285714286,0.06666666666666667,0.48571428571428565,0.37702028141860056,0,Keep
Elia,Young Boys,Forward,0.8,0.0,0.46153846153846156,0.19704433497536947,0.06666666666666667,0.0,0.4444444444444444,0.4,0.4,0.7525773195876289,0.23459244532803178,0.112,0.7999999999999999,0.13333333333333333,0.36917293233082704,0.3447579958803176,0,Keep
Eric García,Barcelona,Defender,0.16,0.4,0.3076923076923077,0.27586206896551724,0.2,0.22857142857142856,0.4444444444444444,0.06666666666666667,1.0,0.9923634975181368,0.4035785288270377,0.0,0.0,0.06666666666666667,0.2233082706766917,0.3179435920019265,0,Keep
Erokhin,Zenit,Midfielder,0.32,0.8,0.46153846153846156,0.059113300492610835,0.2,0.05714285714285714,0.14814814814814814,0.13333333333333333,0.0,1.0,0.05367793240556659,0.0,0.11428571428571428,0.0,0.11804511278195487,0.23101899067524315,0,Keep
Estupiñán,Villarreal,Defender,0.08,0.4,0.7692307692307693,1.0,0.5333333333333333,1.0,0.5185185185185185,0.2,0.8,0.7739595265368462,0.5606361829025844,0.448,0.7999999999999999,0.2,0.574436090225564,0.577207628049841,0,Keep
Evanilson,Porto,Forward,0.32,0.4,0.3076923076923077,0.07881773399014778,0.4,0.17142857142857143,0.6666666666666666,1.0,0.0,0.7174494081710576,0.14314115308151093,0.0,0.05714285714285714,0.0,0.262406015037594,0.30164964754738083,0,Keep
Everton,Benfica,Forward,0.72,0.4,0.6923076923076923,0.2561576354679803,0.4666666666666667,0.11428571428571428,0.4444444444444444,0.6,0.0,0.7052310042000765,0.22862823061630216,0.704,0.5142857142857142,0.0,0.5045112781954887,0.4233678920313387,0,Keep
F. de Jong,Barcelona,Midfielder,0.24,0.4,0.46153846153846156,0.49261083743842365,0.6666666666666666,0.17142857142857143,0.2962962962962963,0.4666666666666667,0.4,0.8808705612829324,0.687872763419483,0.0,0.05714285714285714,0.5333333333333333,0.518796992481203,0.4182149338463263,0,Keep
Fabinho,Liverpool,Midfielder,0.4,0.8,1.0,1.0,1.0,0.45714285714285713,1.0,0.7333333333333333,0.4,0.8823978617793051,0.9999999999999999,0.0,0.11428571428571428,0.6,0.7932330827067668,0.6786928566165318,0,Keep
Fassnacht,Young Boys,Midfielder,0.64,0.4,0.23076923076923078,0.17733990147783252,0.0,0.11428571428571428,0.14814814814814814,0.0,0.4,0.8121420389461627,0.1709741550695825,0.256,0.34285714285714286,0.06666666666666667,0.17518796992481203,0.26229139787635286,0,Keep
Fati,Barcelona,Forward,0.32,0.8,0.23076923076923078,0.03940886699507389,0.06666666666666667,0.0,0.4444444444444444,0.13333333333333333,0.0,0.8274150439098893,0.147117296222664,0.8,0.11428571428571428,0.06666666666666667,0.14812030075187968,0.2758818376030376,0,Keep
Feddal,Sporting CP,Defender,0.08,0.0,0.46153846153846156,0.4729064039408867,0.5333333333333333,1.0,0.0,0.0,0.0,0.5952653684612448,0.514910536779324,0.0,0.0,0.4666666666666667,0.3699248120300752,0.2996363721833328,0,Keep
Felipe,Atlético,Defender,0.08,0.0,0.5384615384615385,0.6699507389162561,0.2,1.0,0.5185185185185185,0.13333333333333333,1.0,0.6273386788850706,0.3876739562624254,0.0,0.0,0.3333333333333333,0.3864661654135338,0.391671750874934,0,Keep
Fernandinho,Man. City,Midfielder,0.32,0.8,0.6153846153846154,0.33497536945812806,0.6,0.05714285714285714,0.07407407407407407,0.8,0.4,0.806032836960672,0.5785288270377733,0.64,0.2857142857142857,0.8,0.3360902255639098,0.4965295394224211,0,Keep
Fernando,Sevilla,Midfielder,0.0,0.0,0.0,1.0,0.2,0.34285714285714286,0.4444444444444444,0.4,0.4,0.8167239404352806,0.5825049701789263,0.0,0.05714285714285714,0.6666666666666666,0.5007518796992481,0.36073946009497104,0,Keep
Fernando,Shakhtar Donetsk,Midfielder,0.96,1.0,0.38461538461538464,0.11822660098522167,0.13333333333333333,0.05714285714285714,0.4444444444444444,0.2,0.4,0.7311951126384117,0.15308151093439362,0.0,0.05714285714285714,0.0,0.2616541353383458,0.32672241577168326,0,Keep
Fernando Costanza,Sheriff,Defender,0.16,0.4,0.46153846153846156,0.768472906403941,1.0,1.0,0.4444444444444444,0.5333333333333333,0.8,0.5036273386788852,0.2703777335984095,0.28800000000000003,0.6285714285714286,0.26666666666666666,0.48571428571428565,0.5340497732633237,0,Keep
Firmino,Liverpool,Midfielder,1.0,1.0,0.5384615384615385,0.33497536945812806,0.13333333333333333,0.05714285714285714,0.2962962962962963,0.13333333333333333,0.0,0.8121420389461627,0.34990059642147114,0.0,0.0,0.0,0.3233082706766917,0.3319262422713208,0,Keep
Foden,Man. City,Midfielder,1.0,1.0,0.8461538461538463,0.19704433497536947,0.3333333333333333,0.0,0.37037037037037035,0.6666666666666666,0.4,0.7418862161130202,0.5705765407554672,0.41600000000000004,1.0,0.2,0.6699248120300751,0.5607970746932099,0,Keep
Fonte,LOSC,Defender,0.24,0.4,0.6153846153846154,0.9261083743842364,0.8666666666666667,1.0,0.4444444444444444,0.3333333333333333,1.0,0.8549064528445973,0.7335984095427435,0.0,0.0,0.9333333333333333,0.6112781954887218,0.5972702550281795,0,Keep
Forsberg,Leipzig,Forward,0.88,1.0,0.46153846153846156,0.23645320197044334,0.13333333333333333,0.05714285714285714,0.4444444444444444,0.26666666666666666,0.0,0.7831233295150821,0.32604373757455263,0.848,0.7428571428571429,0.3333333333333333,0.362406015037594,0.4583561682275941,0,Keep
Foyth,Villarreal,Defender,0.32,0.8,0.7692307692307693,1.0,1.0,1.0,0.6666666666666666,0.4666666666666667,0.4,0.7571592210767468,0.6898608349900596,0.0,0.05714285714285714,0.5333333333333333,0.7421052631578947,0.6134777074843331,0,Keep
Fred,Man. United,Midfielder,0.4,0.4,0.46153846153846156,0.5714285714285714,0.6666666666666666,0.11428571428571428,0.2962962962962963,0.6666666666666666,0.4,0.7983963344788088,0.5208747514910537,0.8,0.11428571428571428,0.3333333333333333,0.32631578947368417,0.45800588666299796,0,Keep
Freuler,Atalanta,Midfielder,0.16,0.0,0.46153846153846156,0.5911330049261084,0.6666666666666666,0.45714285714285713,0.4444444444444444,0.7333333333333333,0.0,0.7892325315005728,0.7157057654075546,0.528,0.17142857142857143,0.7333333333333333,0.538345864661654,0.46602032229223717,0,Keep
Garcia,Young Boys,Defender,0.4,0.8,0.38461538461538464,0.41379310344827586,0.5333333333333333,0.39999999999999997,0.6666666666666666,0.13333333333333333,0.4,0.7220313096601756,0.4493041749502982,0.48,1.0,0.4,0.3022556390977444,0.49902219634034745,0,Keep
Garmash,Dynamo Kyiv,Midfielder,0.56,1.0,0.46153846153846156,0.19704433497536947,0.6,0.05714285714285714,0.8148148148148148,1.0,0.8,0.7021764032073312,0.17495029821073557,0.0,0.11428571428571428,0.0,0.32105263157894737,0.45353370105028207,0,Keep
Gavi,Barcelona,Midfielder,0.32,0.4,0.46153846153846156,0.39408866995073893,0.6,0.11428571428571428,1.0,0.4666666666666667,0.8,0.9205803741886216,0.32604373757455263,0.0,0.17142857142857143,0.06666666666666667,0.40676691729323305,0.4298710519728818,0,Keep
Gerard Moreno,Villarreal,Forward,1.0,1.0,0.5384615384615385,0.17733990147783252,0.13333333333333333,0.2857142857142857,0.2222222222222222,0.4666666666666667,0.4,0.5143184421534939,0.3240556660039761,0.256,0.34285714285714286,0.13333333333333333,0.493984962406015,0.41921916630865597,0,Keep
Gerhardt,Wolfsburg,Midfielder,0.08,0.4,0.38461538461538464,0.09852216748768473,0.13333333333333333,0.0,0.14814814814814814,0.26666666666666666,0.0,0.46544482626956857,0.12127236580516898,1.0,0.17142857142857143,0.0,0.19398496240601504,0.23089442841070273,0,Keep
Ghezzal,Beşiktaş,Midfielder,0.64,0.0,0.38461538461538464,0.15763546798029557,0.4666666666666667,0.0,0.2962962962962963,0.4,0.4,0.5570828560519283,0.32007952286282304,0.224,0.7999999999999999,0.2,0.28796992481203004,0.342289741285695,0,Keep
Gilberto,Benfica,Defender,0.24,0.8,0.6923076923076923,0.9458128078817734,1.0,0.9714285714285714,1.0,0.8666666666666667,0.4,0.7220313096601756,0.5785288270377733,0.48,0.7428571428571429,0.6,0.6443609022556391,0.7122662613396957,0,Keep
Giménez,Atlético,Defender,0.4,0.4,0.5384615384615385,0.6896551724137931,0.26666666666666666,1.0,0.2962962962962963,0.2,0.4,0.7082856051928219,0.41948310139165007,0.0,0.0,0.6666666666666666,0.4759398496240601,0.43076365978089964,0,Keep
Giroud,Milan,Forward,0.4,0.0,0.38461538461538464,0.07881773399014778,0.13333333333333333,0.17142857142857143,0.37037037037037035,0.13333333333333333,0.8,0.6578846888125238,0.09542743538767395,0.0,0.17142857142857143,0.0,0.21804511278195488,0.2409789690321243,0,Keep
Gnabry,Bayern,Forward,1.0,1.0,0.6153846153846154,0.27586206896551724,0.13333333333333333,0.0,0.2222222222222222,0.06666666666666667,0.0,0.6273386788850706,0.4592445328031809,0.32,0.5714285714285714,0.0,0.3511278195488722,0.3761739006158701,0,Keep
Gomes,LOSC,Midfielder,0.24,0.0,0.3076923076923077,0.09852216748768473,0.13333333333333333,0.05714285714285714,0.07407407407407407,0.26666666666666666,0.0,0.671630393279878,0.10735586481113318,0.8,0.11428571428571428,0.0,0.14812030075187968,0.2012549119683686,0,Keep
Gonçalo Inácio,Sporting CP,Defender,0.08,0.0,0.5384615384615385,0.5517241379310345,0.26666666666666666,0.9142857142857143,0.2222222222222222,0.13333333333333333,0.4,0.8991981672394045,0.5387673956262425,0.0,0.0,1.0,0.456390977443609,0.4000700102139844,0,Keep
Gonçalo Ramos,Benfica,Forward,0.8,1.0,0.5384615384615385,0.27586206896551724,0.0,0.11428571428571428,0.5925925925925926,0.4,0.8,0.6991218022145858,0.2007952286282306,0.0,0.0,0.06666666666666667,0.39172932330827065,0.391967662341541,0,Keep
Goretzka,Bayern,Midfielder,1.0,1.0,0.46153846153846156,0.6896551724137931,0.5333333333333333,0.34285714285714286,0.5185185185185185,0.26666666666666666,0.0,0.8121420389461627,0.6719681908548707,0.528,0.17142857142857143,0.3333333333333333,0.4458646616541353,0.5183537394363327,0,Keep
Gravenberch,Ajax,Midfielder,0.72,0.8,0.6153846153846154,0.5911330049261084,0.26666666666666666,0.5714285714285714,1.0,0.7333333333333333,0.4,0.838106147384498,0.7673956262425446,0.0,0.5142857142857142,0.6,0.6699248120300751,0.6058438994454751,0,Keep
Grealish,Man. City,Midfielder,0.8,1.0,0.5384615384615385,0.21674876847290642,0.13333333333333333,0.0,0.6666666666666666,1.0,0.0,0.8350515463917527,0.48310139165009935,0.64,0.2857142857142857,0.2,0.42932330827067666,0.48189338926408404,0,Keep
Greenwood,Man. United,Forward,0.16,0.0,0.3076923076923077,0.059113300492610835,0.0,0.05714285714285714,0.2222222222222222,0.2,0.4,0.8136693394425354,0.2842942345924453,0.64,0.2857142857142857,0.0,0.2864661654135338,0.24775431418085325,0,Keep
Griezmann,Atlético,Forward,0.96,0.8,0.6923076923076923,0.39408866995073893,0.9333333333333333,0.2857142857142857,0.4444444444444444,0.26666666666666666,0.0,0.7220313096601756,0.37972166998011925,0.672,0.39999999999999997,0.06666666666666667,0.4834586466165413,0.5000288923560442,0,Keep
Grimaldo,Benfica,Defender,0.24,0.4,0.7692307692307693,0.6699507389162561,1.0,1.0,0.37037037037037035,0.6,0.8,0.7418862161130202,0.6341948310139164,0.656,1.0,1.0,0.8097744360902256,0.7127604907823037,0,Keep
Grujić,Porto,Midfielder,0.56,0.0,0.46153846153846156,0.31527093596059114,0.5333333333333333,0.22857142857142856,0.6666666666666666,0.26666666666666666,0.4,0.671630393279878,0.26043737574552683,0.0,0.0,0.13333333333333333,0.3075187969924812,0.32033115947255786,0,Keep
Gudmundsson,LOSC,Defender,0.16,0.4,0.3076923076923077,0.19704433497536947,0.13333333333333333,0.22857142857142856,0.14814814814814814,0.4666666666666667,0.4,0.5723558610156549,0.15109343936381708,0.0,0.5142857142857142,0.13333333333333333,0.21879699248120302,0.26875477065779846,0,Keep
Gueye,Paris,Midfielder,0.32,0.0,0.5384615384615385,0.27586206896551724,0.8,0.2857142857142857,0.7407407407407407,0.4666666666666667,0.4,0.8579610538373426,0.415506958250497,0.528,0.17142857142857143,0.13333333333333333,0.36165413533834584,0.41968862351578934,0,Keep
Guilavogui,Wolfsburg,Midfielder,0.08,0.0,0.38461538461538464,0.768472906403941,0.4,1.0,0.8148148148148148,0.13333333333333333,1.0,0.8075601374570449,0.4274353876739562,0.0,0.0,0.3333333333333333,0.37969924812030076,0.43528430305014054,0,Keep
Gvardiol,Leipzig,Defender,0.32,0.8,0.46153846153846156,0.768472906403941,0.6,0.6857142857142857,0.5925925925925926,0.2,0.0,0.8213058419243986,0.38966202783300197,0.0,0.11428571428571428,0.2,0.3120300751879699,0.417706793698691,0,Keep
Gómez,Sevilla,Forward,0.4,1.0,0.38461538461538464,0.15763546798029557,0.06666666666666667,0.05714285714285714,0.07407407407407407,0.3333333333333333,0.0,0.7831233295150821,0.34990059642147114,0.20800000000000002,0.8571428571428571,0.06666666666666667,0.27593984962406015,0.33428273887884985,0,Keep
Gündoğan,Man. City,Midfielder,1.0,1.0,0.7692307692307693,0.2561576354679803,0.4,0.11428571428571428,0.2962962962962963,0.4666666666666667,0.4,0.8900343642611683,0.8071570576540754,0.528,0.8571428571428571,0.4666666666666667,0.649624060150376,0.5934174725215047,0,Keep
Hakan Çalhanoğlu,Inter,Midfielder,0.4,0.4,0.46153846153846156,0.27586206896551724,0.5333333333333333,0.11428571428571428,0.37037037037037035,0.26666666666666666,0.0,0.8121420389461627,0.5208747514910537,0.752,1.0,0.26666666666666666,0.4150375939849624,0.4392518444165939,0,Keep
Hakimi,Paris,Defender,0.08,0.0,0.6153846153846154,0.7093596059113301,0.4666666666666667,0.6285714285714286,0.2222222222222222,0.4666666666666667,0.8,0.8839251622756779,0.8290258449304174,0.16,0.5714285714285714,0.3333333333333333,0.6413533834586466,0.49386250005663845,0,Keep
Haller,Ajax,Forward,1.0,0.4,0.6153846153846154,0.19704433497536947,0.5333333333333333,0.2857142857142857,1.0,0.7333333333333333,0.4,0.7373043146239022,0.32206759443339955,0.0,0.0,0.0,0.6180451127819548,0.4561484616386796,0,Keep
Havertz,Chelsea,Midfielder,1.0,1.0,0.6923076923076923,0.13793103448275862,0.2,0.34285714285714286,0.8888888888888888,0.6,0.4,0.8182512409316534,0.4930417495029821,1.0,0.17142857142857143,0.0,0.6488721804511277,0.5595719000567212,0,Keep
Hefti,Young Boys,Defender,0.16,0.4,0.46153846153846156,0.37438423645320196,0.6,0.39999999999999997,0.6666666666666666,0.06666666666666667,0.4,0.6441389843451701,0.4055666003976143,0.48,1.0,0.2,0.2917293233082706,0.4367127292917369,0,Keep
Henderson,Liverpool,Midfielder,0.96,1.0,0.9230769230769231,0.5714285714285714,0.2,0.05714285714285714,0.7407407407407407,0.26666666666666666,0.0,0.8197785414280261,0.9999999999999999,0.56,0.9714285714285714,0.4,0.6443609022556391,0.6076415849445331,0,Keep
Hendry,Club Brugge,Defender,0.16,0.4,0.46153846153846156,0.8275862068965517,0.4,1.0,0.2962962962962963,0.13333333333333333,0.0,0.7892325315005728,0.3479125248508946,0.0,0.05714285714285714,0.6,0.45864661654135336,0.39544592187335464,0,Keep
Hermoso,Atlético,Defender,0.16,0.4,0.46153846153846156,0.5517241379310345,0.13333333333333333,1.0,0.6666666666666666,0.06666666666666667,0.4,0.6639938907980145,0.3280318091451292,0.0,0.17142857142857143,0.5333333333333333,0.3586466165413534,0.393024232492171,0,Keep
Herrera,Atlético,Midfielder,0.08,0.0,0.3076923076923077,0.39408866995073893,0.26666666666666666,0.05714285714285714,0.4444444444444444,0.13333333333333333,0.8,0.7602138220694923,0.2405566600397614,0.0,0.34285714285714286,0.4,0.22631578947368422,0.29688744624469526,0,Keep
Herrera,Paris,Midfielder,0.24,0.4,0.46153846153846156,0.23645320197044334,0.6,0.2857142857142857,0.4444444444444444,0.3333333333333333,0.4,0.729667812142039,0.4453280318091451,0.8,0.11428571428571428,0.2,0.33308270676691726,0.4015898661336523,0,Keep
Hudson-Odoi,Chelsea,Midfielder,0.56,1.0,0.38461538461538464,0.13793103448275862,0.13333333333333333,0.0,0.2962962962962963,0.2,0.4,0.8808705612829324,0.2962226640159045,0.64,0.5714285714285714,0.0,0.24285714285714283,0.3829036658874882,0,Keep
Hummels,Dortmund,Defender,0.24,0.0,0.38461538461538464,0.5517241379310345,0.5333333333333333,0.6857142857142857,0.4444444444444444,0.06666666666666667,0.4,0.828942344406262,0.6163021868787276,0.0,0.0,0.2,0.3097744360902256,0.35076781467202434,0,Keep
Hutchinson,Beşiktaş,Midfielder,0.32,0.0,0.3076923076923077,0.09852216748768473,0.06666666666666667,0.0,0.14814814814814814,0.2,0.4,0.8549064528445973,0.17892644135188865,0.8,0.11428571428571428,0.2,0.1496240601503759,0.25591813057515894,0,Keep
Ibrahimović,Milan,Forward,0.24,0.4,0.3076923076923077,0.0,0.0,0.0,0.07407407407407407,0.13333333333333333,0.4,0.828942344406262,0.09741550695825049,1.0,0.05714285714285714,0.13333333333333333,0.12330827067669171,0.25301613517447397,0,Keep
Ikoné,LOSC,Midfielder,0.88,1.0,0.38461538461538464,0.17733990147783252,0.0,0.05714285714285714,0.4444444444444444,0.13333333333333333,1.0,0.6273386788850706,0.19284294234592445,0.0,0.0,0.06666666666666667,0.26541353383458643,0.3486091828497399,0,Keep
Iličić,Atalanta,Midfielder,0.24,0.8,0.3076923076923077,0.03940886699507389,0.26666666666666666,0.0,0.07407407407407407,0.7333333333333333,0.0,0.6945399007254678,0.25844930417495027,0.912,0.39999999999999997,0.5333333333333333,0.22030075187969925,0.3653199025916604,0,Keep
Innocent,Malmö,Midfielder,0.08,0.0,0.46153846153846156,0.45320197044334976,0.9333333333333333,0.2857142857142857,0.8148148148148148,0.4666666666666667,0.4,0.8701794578083237,0.4473161033797216,0.0,0.0,0.2,0.45187969924812027,0.3909763195298052,0,Keep
Ismaily,Shakhtar Donetsk,Defender,0.24,0.0,0.38461538461538464,0.37438423645320196,0.06666666666666667,0.7428571428571429,0.07407407407407407,0.26666666666666666,0.0,0.8167239404352806,0.36580516898608345,0.0,0.22857142857142856,0.3333333333333333,0.33684210526315783,0.2820360098614947,0,Keep
J. Timber,Ajax,Midfielder,0.16,0.0,0.6153846153846154,0.6896551724137931,0.4,0.6857142857142857,0.7407407407407407,0.4,1.0,0.9663993890798015,0.9880715705765406,0.0,0.05714285714285714,0.9333333333333333,0.4879699248120301,0.5416274592798664,0,Keep
James,Chelsea,Defender,0.96,1.0,0.46153846153846156,0.5320197044334976,0.13333333333333333,0.34285714285714286,0.37037037037037035,0.4666666666666667,0.4,0.8823978617793051,0.713717693836978,0.48,1.0,0.9333333333333333,0.4105263157894737,0.6057840589292376,0,Keep
Jesus,Man. City,Forward,0.72,0.4,0.6153846153846154,0.11822660098522167,0.2,0.05714285714285714,0.6666666666666666,0.2,1.0,0.8167239404352806,0.26043737574552683,0.0,0.22857142857142856,0.0,0.3150375939849624,0.3732127385944373,0,Keep
Jesús Navas,Sevilla,Defender,0.16,0.4,0.3076923076923077,0.2955665024630542,0.0,0.2857142857142857,0.2222222222222222,0.26666666666666666,0.4,0.7785414280259642,0.4950298210735586,0.496,1.0,0.2,0.3007518796992481,0.3738790075704872,0,Keep
Jones,Liverpool,Midfielder,0.56,0.8,0.3076923076923077,0.11822660098522167,0.0,0.05714285714285714,0.2222222222222222,0.3333333333333333,0.0,0.8213058419243986,0.26242544731610334,0.0,0.05714285714285714,0.2,0.2037593984962406,0.2628833910837028,0,Keep
Jordi Alba,Barcelona,Defender,0.24,0.0,0.38461538461538464,0.43349753694581283,0.26666666666666666,0.39999999999999997,0.2962962962962963,0.13333333333333333,0.0,0.7861779305078274,0.5984095427435387,0.48,1.0,0.4666666666666667,0.34436090225563903,0.3886682840020777,0,Keep
Jordán,Sevilla,Midfielder,0.24,0.4,0.46153846153846156,0.35467980295566504,0.4,0.11428571428571428,0.7407407407407407,0.26666666666666666,0.8,0.900725467735777,0.43936381709741545,0.8,0.22857142857142856,0.6,0.32556390977443606,0.47147573395775366,0,Keep
Jorginho,Chelsea,Midfielder,0.32,0.4,0.6153846153846154,0.7487684729064039,0.4666666666666667,0.11428571428571428,0.6666666666666666,0.5333333333333333,0.0,0.900725467735777,0.9999999999999999,0.8,0.22857142857142856,0.8,0.5165413533834586,0.5407295812622709,0,Keep
João Cancelo,Man. City,Defender,0.88,1.0,0.6923076923076923,1.0,0.6,0.7428571428571429,0.8148148148148148,0.26666666666666666,1.0,0.8472699503627339,0.9999999999999999,0.32,1.0,0.7333333333333333,0.7541353383458645,0.7767589959125498,0,Keep
João Félix,Atlético,Forward,0.96,0.8,0.6153846153846154,0.09852216748768473,0.4,0.39999999999999997,0.2962962962962963,0.8666666666666667,0.8,0.7449408171057657,0.3180914512922465,0.8,0.11428571428571428,0.0,0.5150375939849624,0.5152816881669301,0,Keep
João Mário,Benfica,Midfielder,0.08,0.0,0.6153846153846154,0.35467980295566504,0.4,0.11428571428571428,0.9629629629629629,0.8666666666666667,0.8,0.8136693394425354,0.5328031809145128,0.64,0.5714285714285714,1.0,0.49624060150375937,0.5498747637030003,0,Keep
João Mário,Porto,Forward,0.0,0.0,0.0,0.41379310344827586,0.06666666666666667,0.34285714285714286,0.07407407407407407,0.26666666666666666,0.0,0.6533027873234059,0.2504970178926441,0.176,0.5142857142857142,0.4666666666666667,0.29548872180451125,0.23468657077905122,0,Keep
João Palhinha,Sporting CP,Midfielder,0.32,0.4,0.46153846153846156,0.7093596059113301,1.0,0.34285714285714286,1.0,1.0,0.8,0.801450935471554,0.3856858846918489,0.0,0.05714285714285714,0.9333333333333333,0.4992481203007519,0.5807077560831521,0,Keep
Kalulu,Milan,Defender,0.16,0.0,0.38461538461538464,0.19704433497536947,0.3333333333333333,0.05714285714285714,0.2222222222222222,0.0,0.4,0.5540282550591829,0.1570576540755467,0.8,0.34285714285714286,0.13333333333333333,0.2,0.2627756345076248,0,Keep
Kampl,Leipzig,Midfielder,0.08,0.0,0.23076923076923078,0.2955665024630542,0.5333333333333333,0.11428571428571428,0.37037037037037035,0.13333333333333333,0.4,0.8885070637647958,0.3578528827037773,0.528,0.17142857142857143,0.13333333333333333,0.269172932330827,0.3003968845410894,0,Keep
Kanté,Chelsea,Midfielder,0.24,0.4,0.46153846153846156,0.5714285714285714,0.6,0.22857142857142856,0.8888888888888888,0.13333333333333333,0.0,0.8747613592974417,0.5447316103379721,0.8,0.22857142857142856,0.2,0.3924812030075188,0.4376204189983363,0,Keep
Karavaev,Dynamo Kyiv,Defender,0.24,0.8,0.46153846153846156,0.07881773399014778,0.06666666666666667,0.22857142857142856,0.07407407407407407,0.2,0.0,0.5799923634975181,0.11332007952286281,0.4,0.22857142857142856,0.2,0.162406015037594,0.25559721676467884,0,Keep
Karavaev,Zenit,Defender,0.24,0.4,0.3076923076923077,0.17733990147783252,0.13333333333333333,0.2857142857142857,0.14814814814814814,0.0,0.4,0.8090874379534174,0.22862823061630216,0.256,0.34285714285714286,0.06666666666666667,0.28796992481203004,0.27222915861809777,0,Keep
Kenan Karaman,Beşiktaş,Forward,0.16,0.8,0.38461538461538464,0.13793103448275862,0.13333333333333333,0.05714285714285714,0.2962962962962963,0.13333333333333333,0.0,0.49599083619702183,0.147117296222664,0.0,0.05714285714285714,0.0,0.25338345864661654,0.20375244582754154,0,Keep
Kessié,Milan,Midfielder,0.32,0.4,0.38461538461538464,0.2955665024630542,0.26666666666666666,0.2857142857142857,0.6666666666666666,0.4,0.8,0.801450935471554,0.3479125248508946,1.0,0.22857142857142856,0.6666666666666666,0.3097744360902256,0.47824036651845514,0,Keep
Keïta,Liverpool,Midfielder,1.0,1.0,0.7692307692307693,0.41379310344827586,0.5333333333333333,0.39999999999999997,1.0,0.4666666666666667,0.0,0.8457426498663614,0.7037773359840953,0.0,0.22857142857142856,0.3333333333333333,0.46240601503759393,0.5437903090314572,0,Keep
Kimmich,Bayern,Midfielder,0.64,1.0,0.6153846153846154,0.8078817733990148,1.0,0.17142857142857143,0.2222222222222222,1.0,0.4,0.8701794578083237,0.9999999999999999,0.56,1.0,1.0,0.724812030075188,0.7341272446878624,0,Keep
Kimpembe,Paris,Defender,0.0,0.0,0.0,0.5123152709359606,0.6,1.0,0.5925925925925926,0.4,1.0,0.9282168766704848,0.7475149105367792,0.0,0.0,1.0,0.4842105263157895,0.4843233451367737,0,Keep
Kjær,Milan,Defender,0.16,0.0,0.23076923076923078,0.31527093596059114,0.26666666666666666,1.0,0.14814814814814814,0.06666666666666667,0.0,0.8579610538373426,0.2664015904572564,0.0,0.0,0.26666666666666666,0.21503759398496242,0.2529059035438354,0,Keep
Klaassen,Ajax,Midfielder,0.08,0.0,0.5384615384615385,0.19704433497536947,0.2,0.11428571428571428,0.37037037037037035,0.13333333333333333,0.0,0.6746849942726232,0.21471172962226637,0.8,0.11428571428571428,0.0,0.25263157894736843,0.24598728723695323,0,Keep
Klostermann,Leipzig,Defender,0.0,0.0,0.0,0.4729064039408867,0.26666666666666666,0.9714285714285714,0.2222222222222222,0.0,0.4,0.8136693394425354,0.32007952286282304,0.0,0.05714285714285714,0.13333333333333333,0.3172932330827068,0.2649828100081735,0,Keep
Koke,Atlético,Midfielder,0.24,0.4,0.6923076923076923,0.5911330049261084,0.7333333333333333,0.39999999999999997,0.5185185185185185,0.7333333333333333,0.4,0.7418862161130202,0.6123260437375745,0.0,0.17142857142857143,0.4,0.6857142857142857,0.4879987332941626,0,Keep
Kolovos,Sheriff,Midfielder,0.16,0.8,0.46153846153846156,0.19704433497536947,0.06666666666666667,0.0,0.07407407407407407,0.5333333333333333,0.4,0.5952653684612448,0.17495029821073557,0.0,0.05714285714285714,0.0,0.37067669172932327,0.2593794724088043,0,Keep
Konaté,Liverpool,Defender,0.48,0.4,0.6153846153846154,1.0,1.0,0.9714285714285714,0.8148148148148148,0.2,0.4,0.8701794578083237,0.9999999999999999,0.0,0.0,1.0,0.5902255639097744,0.6228022015564066,0,Keep
Kondogbia,Atlético,Midfielder,0.48,0.4,0.6923076923076923,0.7881773399014779,1.0,0.39999999999999997,0.37037037037037035,0.7333333333333333,0.8,0.7938144329896908,0.4811133200795228,0.0,0.05714285714285714,0.6,0.5360902255639097,0.5421566381125903,0,Keep
Koopmeiners,Atalanta,Midfielder,0.32,1.0,0.38461538461538464,0.13793103448275862,0.26666666666666666,0.17142857142857143,0.2222222222222222,0.2,0.0,0.38602520045819017,0.268389662027833,0.4,0.6857142857142857,0.26666666666666666,0.21729323308270673,0.32846352849101906,0,Keep
Koundé,Sevilla,Defender,0.4,0.4,0.38461538461538464,0.9458128078817734,0.0,0.8571428571428571,0.2222222222222222,0.26666666666666666,0.0,0.8778159602901872,0.6819085487077534,0.0,0.0,0.7333333333333333,0.4,0.41130118539067856,0,Keep
Kovačić,Chelsea,Midfielder,0.32,0.8,0.46153846153846156,0.31527093596059114,0.8,0.05714285714285714,0.4444444444444444,0.26666666666666666,0.0,0.8976708667430318,0.9085487077534791,0.0,0.0,0.4666666666666667,0.3781954887218045,0.4077430063758669,0,Keep
Kristensen,Salzburg,Defender,0.8,1.0,0.6153846153846154,0.7093596059113301,1.0,1.0,1.0,0.26666666666666666,0.4,0.5082092401680032,0.5606361829025844,0.0,0.6857142857142857,0.06666666666666667,0.6428571428571428,0.6170329604180863,0,Keep
Kroos,Real Madrid,Midfielder,0.96,1.0,0.9230769230769231,0.729064039408867,0.7333333333333333,0.22857142857142856,0.5185185185185185,1.0,0.0,0.9068346697212677,0.9999999999999999,0.32,1.0,1.0,0.8759398496240601,0.7463559174836265,0,Keep
Krunić,Milan,Midfielder,0.16,0.0,0.3076923076923077,0.21674876847290642,0.2,0.05714285714285714,0.2222222222222222,0.5333333333333333,0.0,0.8549064528445973,0.17892644135188865,0.0,0.0,0.06666666666666667,0.23007518796992482,0.20184761584644695,0,Keep
Kuzyaev,Zenit,Midfielder,0.24,0.4,0.3076923076923077,0.19704433497536947,0.06666666666666667,0.2857142857142857,0.2222222222222222,0.26666666666666666,0.0,0.8778159602901872,0.1570576540755467,1.0,0.17142857142857143,0.0,0.2383458646616541,0.2953769689595652,0,Keep
Kędziora,Dynamo Kyiv,Defender,0.0,0.0,0.0,0.23645320197044334,0.5333333333333333,0.45714285714285713,0.2222222222222222,0.2,0.0,0.7556319205803743,0.25646123260437376,0.256,0.34285714285714286,0.4,0.3338345864661654,0.2662624331451275,0,Keep
L. Hernández,Bayern,Defender,0.48,0.4,0.6153846153846154,0.9655172413793104,0.6,0.8571428571428571,0.8148148148148148,0.4,0.8,0.9083619702176404,0.9999999999999999,0.592,0.45714285714285713,0.8,0.5218045112781955,0.6808112578240195,0,Keep
L. Nielsen,Malmö,Defender,0.16,0.4,0.38461538461538464,0.5320197044334976,0.4,1.0,0.14814814814814814,0.06666666666666667,0.8,0.7983963344788088,0.32206759443339955,0.0,0.0,0.26666666666666666,0.36917293233082704,0.3765168954515599,0,Keep
L. Nmecha,Wolfsburg,Forward,0.72,1.0,0.38461538461538464,0.13793103448275862,0.3333333333333333,0.17142857142857143,0.5925925925925926,0.6,1.0,0.7220313096601756,0.13121272365805167,0.0,0.05714285714285714,0.0,0.3157894736842105,0.411071818706529,0,Keep
Lacroix,Wolfsburg,Defender,0.16,0.0,0.46153846153846156,0.6896551724137931,0.06666666666666667,1.0,0.37037037037037035,0.4,0.8,0.7525773195876289,0.5646123260437376,0.0,0.0,1.0,0.4609022556390977,0.44842150481731696,0,Keep
Laimer,Leipzig,Midfielder,0.4,0.4,0.46153846153846156,0.37438423645320196,0.7333333333333333,0.05714285714285714,0.8148148148148148,0.3333333333333333,0.0,0.7434135166093929,0.3717693836978131,0.256,0.34285714285714286,0.26666666666666666,0.36917293233082704,0.39496177858518966,0,Keep
Lamela,Sevilla,Midfielder,0.24,0.0,0.3076923076923077,0.13793103448275862,0.4,0.05714285714285714,0.2962962962962963,0.4,0.4,0.801450935471554,0.10735586481113318,0.32,0.2857142857142857,0.13333333333333333,0.1323308270676692,0.26794984946747963,0,Keep
Lang,Club Brugge,Forward,0.8,1.0,0.46153846153846156,0.31527093596059114,0.4666666666666667,0.17142857142857143,0.14814814814814814,0.5333333333333333,1.0,0.5922107674684995,0.42544731610337966,0.064,1.0,0.5333333333333333,0.5180451127819549,0.5352948431175294,0,Keep
Laporte,Man. City,Defender,0.4,0.0,0.6923076923076923,1.0,0.3333333333333333,0.9714285714285714,0.2962962962962963,0.13333333333333333,0.8,0.9495990836197021,0.9999999999999999,0.0,0.0,0.6666666666666666,0.6834586466165413,0.5284282415734759,0,Keep
Larin,Beşiktaş,Forward,0.64,0.4,0.38461538461538464,0.13793103448275862,0.4666666666666667,0.22857142857142856,0.5185185185185185,0.7333333333333333,1.0,0.6945399007254678,0.19880715705765406,0.0,0.05714285714285714,0.0,0.3022556390977444,0.38415879468078756,0,Keep
Larsson,Malmö,Defender,0.08,0.0,0.3076923076923077,0.2561576354679803,0.0,0.34285714285714286,0.37037037037037035,0.5333333333333333,0.8,0.531118747613593,0.1709741550695825,0.96,0.2857142857142857,0.4,0.24060150375939848,0.35192129879186634,0,Keep
Lauper,Young Boys,Midfielder,0.24,0.0,0.46153846153846156,0.8472906403940886,0.8,0.7428571428571429,0.2222222222222222,0.06666666666666667,0.0,0.8808705612829324,0.6918489065606361,0.0,0.0,0.4,0.3165413533834586,0.377989063660374,0,Keep
Lefort,Young Boys,Defender,0.08,0.0,0.23076923076923078,0.15763546798029557,0.3333333333333333,0.45714285714285713,0.4444444444444444,0.0,0.0,0.5830469644902636,0.18886679920477134,0.8,0.22857142857142856,0.13333333333333333,0.1586466165413534,0.2530526983874208,0,Keep
Lemar,Atlético,Midfielder,0.32,0.4,0.6153846153846154,0.27586206896551724,0.26666666666666666,0.22857142857142856,0.2222222222222222,0.2,0.0,0.6655211912943872,0.3399602385685884,0.448,0.7999999999999999,0.0,0.3676691729323308,0.3433238403070505,0,Keep
Lenglet,Barcelona,Defender,0.32,0.4,0.3076923076923077,0.33497536945812806,0.4,0.11428571428571428,0.2222222222222222,0.13333333333333333,0.4,0.8671248568155785,0.6043737574552683,0.0,0.05714285714285714,0.4666666666666667,0.30375939849624056,0.3287717655712211,0,Keep
Lewandowski,Bayern,Forward,1.0,1.0,0.7692307692307693,0.13793103448275862,0.26666666666666666,0.0,0.8148148148148148,0.8666666666666667,0.4,0.7113402061855669,0.40954274353876735,0.16,0.5714285714285714,0.06666666666666667,0.749624060150376,0.5282608133221083,0,Keep
Lindelöf,Man. United,Defender,0.0,0.0,0.0,0.5911330049261084,0.3333333333333333,0.8571428571428571,0.37037037037037035,0.06666666666666667,0.4,0.9327987781596028,0.5566600397614313,0.8,0.11428571428571428,0.5333333333333333,0.2842105263157894,0.3893289749530137,0,Keep
Lo Celso,Villarreal,Midfielder,0.4,0.8,0.46153846153846156,0.41379310344827586,0.8,0.17142857142857143,0.5925925925925926,1.0,1.0,0.7632684230622375,0.4055666003976143,0.0,0.17142857142857143,0.06666666666666667,0.5142857142857143,0.5040379136565805,0,Keep
Locatelli,Juventus,Midfielder,0.64,0.8,0.5384615384615385,0.4729064039408867,1.0,0.05714285714285714,0.5185185185185185,0.3333333333333333,0.4,0.8106147384497899,0.7216699801192842,0.528,0.17142857142857143,0.8,0.524812030075188,0.5544591980979978,0,Keep
Loftus-Cheek,Chelsea,Forward,0.4,0.4,0.6153846153846154,0.21674876847290642,0.26666666666666666,0.11428571428571428,0.37037037037037035,0.6,0.8,0.729667812142039,0.5009940357852882,0.672,0.39999999999999997,0.13333333333333333,0.3323308270676692,0.4367854762339069,0,Keep
Lovren,Zenit,Defender,0.08,0.0,0.3076923076923077,0.37438423645320196,0.06666666666666667,1.0,0.14814814814814814,0.0,0.8,0.8594883543337151,0.31610337972166996,0.8,0.11428571428571428,0.3333333333333333,0.26090225563909775,0.3640669597515903,0,Keep
Lucas Vázquez,Real Madrid,Midfielder,0.0,0.0,0.0,0.2561576354679803,0.13333333333333333,0.34285714285714286,0.2962962962962963,0.5333333333333333,0.4,0.7800687285223367,0.4751491053677932,0.4,0.6857142857142857,0.13333333333333333,0.356390977443609,0.319508944777963,0,Keep
Luis Díaz,Liverpool,Forward,0.0,0.0,0.0,0.31527093596059114,0.5333333333333333,0.11428571428571428,0.0,0.0,0.0,0.7831233295150821,0.6779324055666003,0.28800000000000003,0.6285714285714286,0.0,0.375187969924812,0.2477136744771708,0,Keep
Luis Díaz,Porto,Forward,1.0,1.0,1.0,0.0,0.0,0.0,1.0,0.6666666666666666,0.4,0.0,0.0,0.0,0.0,0.0,0.0,0.33777777777777784,0,Keep
Luis Suárez,Atlético,Forward,0.64,0.4,0.5384615384615385,0.019704433497536946,0.0,0.11428571428571428,0.2222222222222222,0.26666666666666666,0.8,0.526536846124475,0.16699801192842942,0.0,0.17142857142857143,0.13333333333333333,0.29097744360902256,0.2860409854371673,0,Keep
Lukaku,Chelsea,Forward,0.88,0.8,0.46153846153846156,0.03940886699507389,0.06666666666666667,0.0,0.14814814814814814,0.13333333333333333,0.0,0.7174494081710576,0.12127236580516898,1.0,0.22857142857142856,0.0,0.23684210526315788,0.32221538563283314,0,Keep
Lukebakio,Wolfsburg,Forward,0.24,0.8,0.46153846153846156,0.09852216748768473,0.2,0.0,0.14814814814814814,0.26666666666666666,0.0,0.7143948071783124,0.13916500994035783,0.8,0.11428571428571428,0.0,0.2699248120300752,0.28350971915169476,0,Keep
Luís Neto,Sporting CP,Defender,0.0,0.0,0.0,0.49261083743842365,0.8666666666666667,0.7428571428571429,0.0,0.0,0.0,0.8885070637647958,0.43737574552683894,0.0,0.0,1.0,0.29022556390977444,0.3145495346775762,0,Keep
M. Olsson,Malmö,Defender,0.08,0.0,0.46153846153846156,0.15763546798029557,0.06666666666666667,0.9714285714285714,0.2222222222222222,0.2,0.0,0.6151202749140894,0.20874751491053675,0.192,0.45714285714285713,0.3333333333333333,0.2593984962406015,0.281682257758509,0,Keep
Maguire,Man. United,Defender,0.32,0.4,0.46153846153846156,0.5911330049261084,0.3333333333333333,0.9714285714285714,0.4444444444444444,0.4666666666666667,0.0,0.8732340588010692,0.687872763419483,0.0,0.11428571428571428,1.0,0.37067669172932327,0.46897424737154497,0,Keep
Mahrez,Man. City,Midfielder,1.0,1.0,0.9230769230769231,0.39408866995073893,0.4,0.17142857142857143,0.4444444444444444,1.0,0.4,0.7999236349751815,0.9582504970178926,0.384,1.0,0.7333333333333333,0.9030075187969924,0.7007702395349383,0,Keep
Malcom,Zenit,Forward,0.8,1.0,0.46153846153846156,0.2561576354679803,0.2,0.11428571428571428,0.2222222222222222,0.9333333333333333,0.0,0.7938144329896908,0.35586481113320073,0.368,1.0,0.3333333333333333,0.36541353383458647,0.48026423187590156,0,Keep
Malen,Dortmund,Forward,0.88,1.0,0.46153846153846156,0.11822660098522167,0.0,0.0,0.4444444444444444,0.3333333333333333,0.0,0.6685757922871325,0.27236580516898606,0.528,0.34285714285714286,0.13333333333333333,0.32857142857142857,0.3674164228346323,0,Keep
Malinovskyi,Atalanta,Midfielder,0.88,1.0,0.38461538461538464,0.07881773399014778,0.4,0.11428571428571428,0.4444444444444444,0.6,0.0,0.7586865215731196,0.2842942345924453,0.656,1.0,0.4,0.2894736842105263,0.48604118118078543,0,Keep
Mané,Liverpool,Midfielder,1.0,1.0,1.0,0.17733990147783252,0.26666666666666666,0.05714285714285714,1.0,1.0,0.8,0.7098129056891944,0.5526838966202783,0.48,0.5714285714285714,0.06666666666666667,0.7541353383458645,0.6290584536025288,0,Keep
Marcos Antônio,Shakhtar Donetsk,Midfielder,0.08,0.4,0.38461538461538464,0.15763546798029557,0.26666666666666666,0.05714285714285714,0.2222222222222222,0.2,0.4,0.9450171821305844,0.4652087475149105,0.0,0.0,0.3333333333333333,0.2714285714285714,0.2788846955356551,0,Keep
Marcos Llorente,Atlético,Midfielder,0.16,0.0,0.6923076923076923,0.729064039408867,0.4,0.45714285714285713,0.9629629629629629,0.6666666666666666,1.0,0.7357770141275297,0.4950298210735586,0.16,0.5714285714285714,0.06666666666666667,0.6285714285714284,0.51504118135712,0,Keep
Marlon,Shakhtar Donetsk,Defender,0.24,0.0,0.38461538461538464,0.41379310344827586,0.2,0.8571428571428571,0.4444444444444444,0.0,0.0,0.9511263841160749,0.8429423459244532,0.0,0.0,0.5333333333333333,0.36691729323308264,0.34895434308386036,0,Keep
Marlos,Shakhtar Donetsk,Midfielder,0.24,0.0,0.46153846153846156,0.07881773399014778,0.06666666666666667,0.05714285714285714,0.0,0.0,0.0,0.896143566246659,0.2504970178926441,0.8,0.22857142857142856,0.13333333333333333,0.19097744360902252,0.2269125672660814,0,Keep
Marquinhos,Paris,Defender,0.0,0.0,0.0,0.8275862068965517,0.13333333333333333,1.0,0.2222222222222222,0.2,0.0,0.9159984726995036,0.9999999999999999,0.0,0.0,1.0,0.5902255639097744,0.3926243866040923,0,Keep
Martínez,Ajax,Defender,0.48,0.0,0.6153846153846154,1.0,0.6666666666666666,1.0,0.5185185185185185,0.4666666666666667,0.4,0.9404352806414662,0.9999999999999999,0.0,0.0,0.8,0.6263157894736842,0.5675991691567746,0,Keep
Martínez,Inter,Forward,1.0,1.0,0.6153846153846154,0.2561576354679803,0.7333333333333333,0.0,0.5185185185185185,0.6,0.4,0.7418862161130202,0.2405566600397614,0.0,0.05714285714285714,0.0,0.5067669172932331,0.4446497835528879,0,Keep
Matheus Cunha,Atlético,Forward,0.32,0.8,0.38461538461538464,0.03940886699507389,0.13333333333333333,0.05714285714285714,0.4444444444444444,0.2,0.0,0.9327987781596028,0.03777335984095427,0.0,0.0,0.0,0.13759398496240602,0.2324740672996038,0,Keep
Matheus Nunes,Sporting CP,Midfielder,0.08,0.0,0.46153846153846156,0.43349753694581283,0.26666666666666666,0.5142857142857142,0.2962962962962963,0.6,1.0,0.7815960290187096,0.41948310139165007,0.0,0.0,0.7333333333333333,0.4834586466165413,0.40467705240621243,0,Keep
Matheus Reis,Sporting CP,Defender,0.32,0.4,0.6153846153846154,0.45320197044334976,0.6,0.5714285714285714,0.4444444444444444,0.5333333333333333,0.0,0.7877052310042001,0.4453280318091451,0.256,0.34285714285714286,0.4,0.5661654135338345,0.44905658361590917,0,Keep
Matip,Liverpool,Defender,0.4,0.4,0.5384615384615385,0.6699507389162561,0.3333333333333333,0.8571428571428571,0.4444444444444444,0.06666666666666667,0.4,0.9419625811378389,0.9900596421471172,0.0,0.0,0.9333333333333333,0.49774436090225566,0.4982066330990428,0,Keep
Matić,Man. United,Midfielder,0.08,0.0,0.6153846153846154,0.2561576354679803,0.06666666666666667,0.34285714285714286,0.14814814814814814,0.26666666666666666,0.8,0.7418862161130202,0.30218687872763417,0.0,0.05714285714285714,0.4,0.1849624060150376,0.2841372822126512,0,Keep
Matviyenko,Shakhtar Donetsk,Defender,0.16,0.0,0.3076923076923077,0.5320197044334976,0.13333333333333333,0.5142857142857142,0.14814814814814814,0.2,0.0,0.9205803741886216,0.6958250497017892,0.0,0.11428571428571428,0.06666666666666667,0.3233082706766917,0.27440968556083234,0,Keep
Maycon,Shakhtar Donetsk,Midfielder,0.4,1.0,0.46153846153846156,0.35467980295566504,0.13333333333333333,0.17142857142857143,0.37037037037037035,0.06666666666666667,0.0,0.9465444826269569,0.7852882703777335,0.928,0.6857142857142857,0.6,0.47293233082706765,0.4917664383892741,0,Keep
Mazraoui,Ajax,Defender,0.72,1.0,0.6153846153846154,0.7881773399014779,1.0,0.5142857142857142,0.6666666666666666,0.5333333333333333,0.4,0.8304696449026348,0.7654075546719681,0.5760000000000001,1.0,0.4666666666666667,0.612781954887218,0.6992782327133532,0,Keep
Mbabu,Wolfsburg,Defender,0.08,0.0,0.46153846153846156,0.33497536945812806,0.4666666666666667,0.9142857142857143,0.5185185185185185,0.2,0.8,0.4929362352042765,0.2803180914512922,0.496,0.9142857142857143,0.26666666666666666,0.29022556390977444,0.4344278001323476,0,Keep
Mbappé,Paris,Forward,1.0,1.0,0.6153846153846154,0.19704433497536947,0.06666666666666667,0.11428571428571428,0.2222222222222222,0.7333333333333333,0.4,0.8075601374570449,0.510934393638171,0.20800000000000002,0.8571428571428571,0.0,0.49022556390977445,0.48151998926771794,0,Keep
Mbemba,Porto,Defender,0.16,0.4,0.38461538461538464,0.6108374384236454,0.26666666666666666,1.0,0.2222222222222222,0.26666666666666666,0.8,0.8503245513554794,0.4274353876739562,1.0,0.11428571428571428,0.6666666666666666,0.34962406015037595,0.5012896505817852,0,Keep
McKennie,Juventus,Midfielder,0.56,0.4,0.46153846153846156,0.2955665024630542,0.3333333333333333,0.17142857142857143,0.2222222222222222,0.13333333333333333,0.0,0.8136693394425354,0.3379721669980119,0.0,0.17142857142857143,0.06666666666666667,0.3902255639097744,0.2904923155176357,0,Keep
McTominay,Man. United,Midfielder,0.32,0.4,0.38461538461538464,0.5517241379310345,0.4666666666666667,0.22857142857142856,0.5185185185185185,0.26666666666666666,0.4,0.8808705612829324,0.4314115308151093,0.0,0.0,0.6666666666666666,0.40451127819548865,0.3946815226619931,0,Keep
Mehmet Topal,Beşiktaş,Midfielder,0.24,1.0,0.23076923076923078,0.27586206896551724,0.06666666666666667,0.17142857142857143,0.07407407407407407,0.06666666666666667,0.0,0.8213058419243986,0.16103379721669978,0.0,0.0,0.06666666666666667,0.22255639097744362,0.22646866502372906,0,Keep
Mendy,Real Madrid,Defender,0.16,0.0,0.7692307692307693,0.7093596059113301,0.4,0.8571428571428571,0.5185185185185185,0.4666666666666667,1.0,0.8946162657502863,0.8210735586481113,0.4,0.6857142857142857,0.26666666666666666,0.7240601503759397,0.5782032896416954,0,Keep
Meraş,Beşiktaş,Defender,0.0,0.0,0.0,0.23645320197044334,0.06666666666666667,0.45714285714285713,0.07407407407407407,0.13333333333333333,0.0,0.7357770141275297,0.17495029821073557,0.8,0.11428571428571428,0.13333333333333333,0.22481203007518794,0.21005523488132505,0,Keep
Messi,Paris,Forward,1.0,1.0,0.5384615384615385,0.13793103448275862,0.13333333333333333,0.05714285714285714,0.2222222222222222,0.7333333333333333,0.4,0.8762886597938147,0.8508946322067593,0.56,0.7999999999999999,0.8,0.4413533834586466,0.5700640662956843,0,Keep
Meunier,Dortmund,Defender,0.08,0.0,0.46153846153846156,0.8275862068965517,0.2,0.5142857142857142,0.4444444444444444,0.06666666666666667,0.4,0.6838487972508591,0.5387673956262425,0.08,1.0,0.2,0.49323308270676686,0.39935805129438057,0,Keep
Milner,Liverpool,Midfielder,0.16,0.4,0.6153846153846154,0.09852216748768473,0.4,0.34285714285714286,0.8888888888888888,0.26666666666666666,1.0,0.3814432989690722,0.3121272365805169,0.352,0.5142857142857142,0.4666666666666667,0.24060150375939848,0.42929626010309124,0,Keep
Mingueza,Barcelona,Defender,0.0,0.0,0.0,0.21674876847290642,0.13333333333333333,0.0,0.5185185185185185,0.06666666666666667,0.0,0.8625429553264605,0.27833001988071565,0.28800000000000003,0.6285714285714286,0.4666666666666667,0.2045112781954887,0.24425930904214568,0,Keep
Modrić,Real Madrid,Midfielder,1.0,1.0,1.0,0.768472906403941,0.6,0.22857142857142856,0.2222222222222222,0.5333333333333333,0.4,0.8747613592974417,0.9999999999999999,0.4,0.6857142857142857,1.0,0.9360902255639098,0.7099443840737707,0,Keep
Moi Gómez,Villarreal,Midfielder,0.32,0.8,0.46153846153846156,0.09852216748768473,0.2,0.22857142857142856,0.2222222222222222,0.0,0.0,0.7739595265368462,0.16500994035785285,0.4,0.22857142857142856,0.0,0.24060150375939848,0.2759331119363549,0,Keep
Montero,Beşiktaş,Defender,0.08,0.0,0.3076923076923077,0.5320197044334976,0.8,0.6285714285714286,0.2962962962962963,0.2,0.8,0.8136693394425354,0.33399602385685884,0.0,0.0,0.5333333333333333,0.26015037593984963,0.37238192063774045,0,Keep
Montiel,Sevilla,Defender,0.08,0.0,0.3076923076923077,0.23645320197044334,0.5333333333333333,0.05714285714285714,0.07407407407407407,0.13333333333333333,0.4,0.6533027873234059,0.2445328031809145,0.28800000000000003,0.6285714285714286,0.0,0.18721804511278192,0.25491027811565864,0,Keep
Morata,Juventus,Forward,1.0,1.0,0.5384615384615385,0.21674876847290642,0.0,0.39999999999999997,0.37037037037037035,0.8666666666666667,0.0,0.7082856051928219,0.27236580516898606,0.0,0.22857142857142856,0.0,0.45263157894736844,0.4036067841234725,0,Keep
Moreno,Villarreal,Defender,0.24,0.0,0.5384615384615385,0.15763546798029557,0.26666666666666666,0.34285714285714286,0.37037037037037035,0.2,0.8,0.7602138220694923,0.268389662027833,1.0,0.11428571428571428,0.13333333333333333,0.31353383458646616,0.36704983684259024,0,Keep
Moumi Ngamaleu,Young Boys,Midfielder,0.88,1.0,0.46153846153846156,0.5517241379310345,0.4,0.2857142857142857,0.7407407407407407,0.8666666666666667,0.8,0.7739595265368462,0.3817097415506958,0.176,1.0,0.06666666666666667,0.43007518796992483,0.5876530276876881,0,Keep
Mount,Chelsea,Midfielder,0.88,1.0,0.5384615384615385,0.33497536945812806,0.26666666666666666,0.0,0.7407407407407407,0.4,0.0,0.7846506300114549,0.5328031809145128,0.4,1.0,0.13333333333333333,0.4533834586466165,0.4976676612155328,0,Keep
Mudryk,Shakhtar Donetsk,Midfielder,0.32,0.0,0.46153846153846156,0.13793103448275862,0.2,0.17142857142857143,0.2222222222222222,0.26666666666666666,0.4,0.824360442917144,0.1371769383697813,0.14400000000000002,0.6285714285714286,0.0,0.1819548872180451,0.273056710227672,0,Keep
Mukiele,Leipzig,Defender,0.4,0.4,0.46153846153846156,0.5911330049261084,0.6,1.0,0.6666666666666666,0.5333333333333333,0.0,0.6135929744177169,0.38966202783300197,0.20800000000000002,0.8571428571428571,0.6666666666666666,0.42857142857142855,0.5210871614064161,0,Keep
Munir,Sevilla,Forward,0.4,1.0,0.3076923076923077,0.019704433497536946,0.06666666666666667,0.0,0.2222222222222222,0.4,0.0,0.7327224131347843,0.09741550695825049,1.0,0.05714285714285714,0.06666666666666667,0.19849624060150373,0.30458195430551965,0,Keep
Muriel,Atalanta,Forward,0.64,0.8,0.38461538461538464,0.0,0.0,0.0,0.14814814814814814,0.2,0.4,0.49599083619702183,0.11729622266401589,0.0,0.2857142857142857,0.13333333333333333,0.1270676691729323,0.24881105865634143,0,Keep
Musiala,Bayern,Midfielder,0.8,1.0,0.6153846153846154,0.33497536945812806,0.13333333333333333,0.05714285714285714,0.37037037037037035,0.3333333333333333,0.0,0.7770141275295916,0.33399602385685884,0.0,0.11428571428571428,0.0,0.44360902255639095,0.35422965115007954,0,Keep
Mykolenko,Dynamo Kyiv,Defender,0.16,0.0,0.38461538461538464,0.43349753694581283,0.4,0.5142857142857142,0.2222222222222222,0.3333333333333333,0.0,0.7892325315005728,0.39960238568588463,0.352,0.5142857142857142,0.4,0.4240601503759398,0.35514233155003866,0,Keep
Mæhle,Atalanta,Defender,0.24,0.4,0.38461538461538464,0.41379310344827586,0.26666666666666666,0.22857142857142856,0.2222222222222222,0.4666666666666667,0.0,0.7525773195876289,0.4314115308151093,0.0,0.45714285714285713,0.0,0.4240601503759398,0.312515155340812,0,Keep
Müller,Bayern,Forward,1.0,1.0,0.7692307692307693,0.35467980295566504,0.5333333333333333,0.11428571428571428,0.8148148148148148,0.2,0.0,0.7082856051928219,0.7276341948310139,0.448,1.0,0.06666666666666667,0.7406015037593985,0.5651688270046799,0,Keep
N'Sakala,Beşiktaş,Defender,0.08,0.4,0.23076923076923078,0.27586206896551724,0.4666666666666667,0.2857142857142857,0.0,0.0,0.0,0.7449408171057657,0.32007952286282304,0.656,0.6857142857142857,0.0,0.22631578947368422,0.2914708444848173,0,Keep
N. Williams,Liverpool,Defender,0.24,0.4,0.23076923076923078,0.19704433497536947,0.4,0.05714285714285714,0.2962962962962963,0.26666666666666666,0.0,0.6181748759068348,0.19880715705765406,0.672,0.39999999999999997,0.06666666666666667,0.17669172932330826,0.28135065432032563,0,Keep
Nacho,Real Madrid,Defender,0.08,0.0,0.6923076923076923,0.5320197044334976,0.6666666666666666,0.7999999999999999,0.5185185185185185,0.4666666666666667,0.8,0.8930889652539138,0.6043737574552683,0.256,0.34285714285714286,0.3333333333333333,0.46541353383458645,0.49674973208848566,0,Keep
Neres,Ajax,Forward,0.48,0.8,0.38461538461538464,0.059113300492610835,0.0,0.0,0.2222222222222222,0.0,0.0,0.8472699503627339,0.2067594433399602,0.912,0.39999999999999997,0.0,0.18045112781954886,0.29949542859016404,0,Keep
Neymar,Paris,Forward,0.8,1.0,0.46153846153846156,0.21674876847290642,0.2,0.0,0.2962962962962963,1.0,0.4,0.7892325315005728,0.514910536779324,0.0,0.2857142857142857,0.3333333333333333,0.4180451127819549,0.44772128842780895,0,Keep
Nianzou,Bayern,Midfielder,0.0,0.0,0.0,0.31527093596059114,0.26666666666666666,0.05714285714285714,0.4444444444444444,0.13333333333333333,0.4,0.9465444826269569,0.39562624254473155,0.0,0.0,0.3333333333333333,0.19097744360902252,0.2322226493107958,0,Keep
Nico González,Barcelona,Midfielder,0.24,1.0,0.3076923076923077,0.23645320197044334,0.4,0.05714285714285714,0.4444444444444444,0.2,0.4,0.8778159602901872,0.2842942345924453,0.0,0.0,0.06666666666666667,0.25263157894736843,0.31780941678311464,0,Keep
Nkunku,Leipzig,Midfielder,1.0,0.8,0.46153846153846156,0.2955665024630542,0.26666666666666666,0.11428571428571428,0.7407407407407407,0.5333333333333333,0.0,0.8213058419243986,0.3836978131212723,0.32,0.8571428571428571,0.5333333333333333,0.4721804511278195,0.5066527810451767,0,Keep
Nsoki,Club Brugge,Defender,0.0,0.0,0.0,0.8078817733990148,0.4666666666666667,1.0,0.5185185185185185,0.13333333333333333,0.4,0.8121420389461627,0.36580516898608345,0.0,0.0,0.26666666666666666,0.42706766917293226,0.34653878904595853,0,Keep
Nuno Mendes,Paris,Defender,0.16,0.0,0.6153846153846154,0.49261083743842365,0.3333333333333333,0.6857142857142857,0.37037037037037035,0.6666666666666666,0.4,0.7800687285223367,0.5129224652087475,0.256,0.6857142857142857,0.2,0.46766917293233085,0.44176365075235974,0,Keep
Núñez,Benfica,Forward,1.0,0.0,0.7692307692307693,0.19704433497536947,0.26666666666666666,0.39999999999999997,0.4444444444444444,0.4666666666666667,0.4,0.36464299350897295,0.23260437375745524,0.352,1.0,0.13333333333333333,0.5443609022556392,0.4380662989892879,0,Keep
Ocampos,Sevilla,Midfielder,0.96,0.8,0.46153846153846156,0.17733990147783252,0.06666666666666667,0.11428571428571428,0.2962962962962963,1.0,0.8,0.7128675066819399,0.3280318091451292,0.336,1.0,0.06666666666666667,0.3804511278195489,0.5000096100385504,0,Keep
Okafor,Salzburg,Midfielder,0.56,0.4,0.46153846153846156,0.059113300492610835,0.3333333333333333,0.0,0.37037037037037035,0.13333333333333333,0.4,0.2821687667048493,0.15904572564612324,0.0,0.22857142857142856,0.0,0.3007518796992481,0.24588177331265057,0,Keep
Onana,LOSC,Midfielder,0.16,0.4,0.6153846153846154,0.33497536945812806,0.4666666666666667,0.17142857142857143,0.07407407407407407,0.2,0.0,0.7678503245513555,0.18886679920477134,0.0,0.0,0.06666666666666667,0.262406015037594,0.2472212734981629,0,Keep
Onguéné,Salzburg,Defender,0.0,0.0,0.0,0.6502463054187192,0.26666666666666666,1.0,0.37037037037037035,0.3333333333333333,0.4,0.8350515463917527,0.4811133200795228,0.0,0.0,0.6666666666666666,0.36315789473684207,0.3577737402442583,0,Keep
Orbán,Leipzig,Defender,0.0,0.0,0.0,0.49261083743842365,0.3333333333333333,0.5714285714285714,0.2962962962962963,0.2,0.4,0.9083619702176404,0.3856858846918489,0.0,0.0,0.4,0.26766917293233083,0.28369240442256294,0,Keep
Origi,Liverpool,Forward,0.96,0.8,0.5384615384615385,0.09852216748768473,0.06666666666666667,0.0,0.2962962962962963,0.4,0.0,0.6441389843451701,0.0934393638170974,0.0,0.17142857142857143,0.0,0.17894736842105263,0.2831933971282719,0,Keep
Otamendi,Benfica,Defender,0.32,0.0,0.6923076923076923,1.0,1.0,1.0,1.0,0.7333333333333333,0.8,0.7907598319969453,0.7554671968190854,0.0,0.05714285714285714,0.9333333333333333,0.6857142857142857,0.6512039020431687,0,Keep
Otávio,Porto,Midfielder,0.48,0.8,0.46153846153846156,0.37438423645320196,0.8666666666666667,0.2857142857142857,0.8888888888888888,0.5333333333333333,0.4,0.5723558610156549,0.3916500994035785,0.896,0.9142857142857143,0.26666666666666666,0.40451127819548865,0.5690663661441295,0,Keep
Oxlade-Chamberlain,Liverpool,Midfielder,0.8,1.0,0.46153846153846156,0.33497536945812806,0.06666666666666667,0.22857142857142856,0.14814814814814814,0.13333333333333333,0.0,0.806032836960672,0.3280318091451292,0.32,0.5714285714285714,0.3333333333333333,0.29022556390977444,0.3881523681662431,0,Keep
Palomino,Atalanta,Defender,0.24,0.4,0.38461538461538464,0.8078817733990148,0.4,0.7999999999999999,0.37037037037037035,0.0,0.4,0.7800687285223367,0.48707753479125243,0.0,0.0,0.8,0.37969924812030076,0.41664753598791054,0,Keep
Paredes,Paris,Midfielder,0.08,0.0,0.38461538461538464,0.35467980295566504,0.5333333333333333,0.05714285714285714,0.5185185185185185,0.3333333333333333,1.0,0.9358533791523482,0.6262425447316102,0.0,0.0,0.6666666666666666,0.2774436090225564,0.3845219619648183,0,Keep
Parejo,Villarreal,Midfielder,0.4,0.0,0.9230769230769231,0.9458128078817734,1.0,0.2857142857142857,0.2962962962962963,1.0,0.8,0.7907598319969453,0.9999999999999999,0.896,1.0,1.0,0.9842105263157894,0.7547913780854676,0,Keep
Pau Torres,Villarreal,Defender,0.32,0.0,0.9230769230769231,0.9655172413793104,0.4666666666666667,1.0,0.2222222222222222,0.13333333333333333,0.4,0.8472699503627339,0.9999999999999999,0.0,0.0,1.0,0.9338345864661654,0.5474613949004904,0,Keep
Paulinho,Sporting CP,Forward,1.0,0.4,0.6153846153846154,0.23645320197044334,0.2,0.22857142857142856,0.37037037037037035,0.9333333333333333,0.8,0.6456662848415426,0.27634194831013914,0.0,0.17142857142857143,0.0,0.512781954887218,0.4260221139398441,0,Keep
Pavard,Bayern,Defender,0.8,0.4,0.7692307692307693,1.0,0.8,0.9714285714285714,0.6666666666666666,0.26666666666666666,0.0,0.8808705612829324,0.9999999999999999,0.528,0.6857142857142857,0.6666666666666666,0.7270676691729323,0.677487457121966,0,Keep
Pedraza,Villarreal,Midfielder,0.48,0.0,0.7692307692307693,0.35467980295566504,0.26666666666666666,0.5142857142857142,0.37037037037037035,0.2,0.4,0.441008018327606,0.3876739562624254,0.24,1.0,0.0,0.4157894736842105,0.3893136514522285,0,Keep
Pedrinho,Shakhtar Donetsk,Midfielder,0.8,1.0,0.3076923076923077,0.07881773399014778,0.13333333333333333,0.0,0.37037037037037035,0.2,0.0,0.8472699503627339,0.3379721669980119,0.8,0.22857142857142856,0.0,0.3075187969924812,0.3607697392207209,0,Keep
Pedro Gonçalves,Sporting CP,Midfielder,1.0,1.0,0.38461538461538464,0.19704433497536947,0.26666666666666666,0.05714285714285714,0.2222222222222222,0.26666666666666666,0.0,0.48377243222604055,0.16500994035785285,0.992,0.45714285714285713,0.06666666666666667,0.31052631578947365,0.3912984229648038,0,Keep
Pedro Porro,Sporting CP,Defender,0.64,1.0,0.5384615384615385,0.37438423645320196,0.13333333333333333,0.45714285714285713,0.4444444444444444,0.8,0.8,0.5021000381825125,0.4115308151093439,0.128,1.0,0.4,0.45789473684210524,0.5391527999979558,0,Keep
Pepe,Porto,Defender,0.16,0.0,0.38461538461538464,0.5911330049261084,0.26666666666666666,0.9714285714285714,0.2222222222222222,0.4,0.4,0.8167239404352806,0.3777335984095427,0.0,0.11428571428571428,0.6666666666666666,0.2992481203007518,0.3780482593304606,0,Keep
Perišić,Inter,Midfielder,1.0,1.0,0.6153846153846154,0.6108374384236454,0.06666666666666667,0.7428571428571429,0.4444444444444444,0.06666666666666667,0.0,0.7220313096601756,0.4353876739562624,0.4,1.0,0.0,0.49248120300751874,0.506450477404476,0,Keep
Peña,Malmö,Midfielder,0.32,0.4,0.38461538461538464,0.23645320197044334,0.7333333333333333,0.11428571428571428,0.2222222222222222,0.2,0.4,0.7311951126384117,0.3379721669980119,0.32,0.2857142857142857,0.4,0.24436090225563908,0.3553434882688965,0,Keep
Pino,Villarreal,Forward,0.32,0.0,0.5384615384615385,0.27586206896551724,0.6666666666666666,0.0,0.5185185185185185,0.4666666666666667,1.0,0.6746849942726232,0.2107355864811133,0.0,0.2857142857142857,0.0,0.4112781954887218,0.35790590141571005,0,Keep
Piqué,Barcelona,Defender,0.16,0.0,0.38461538461538464,0.6502463054187192,0.5333333333333333,0.7428571428571429,0.5925925925925926,0.2,0.8,0.9205803741886216,0.5725646123260437,0.0,0.0,0.13333333333333333,0.3308270676691729,0.40139667642228966,0,Keep
Pizzi,Benfica,Midfielder,0.24,0.8,0.46153846153846156,0.0,0.0,0.0,0.0,0.0,0.0,0.4348988163421154,0.12127236580516898,0.256,0.34285714285714286,0.3333333333333333,0.15939849624060148,0.20995324107445493,0,Keep
Pjanic,Beşiktaş,Midfielder,0.24,0.0,0.23076923076923078,0.31527093596059114,0.13333333333333333,0.11428571428571428,0.14814814814814814,0.4,0.4,0.7754868270332187,0.42942345924453273,0.96,0.5714285714285714,1.0,0.24586466165413534,0.397600725457165,0,Keep
Pogba,Man. United,Midfielder,0.16,0.4,0.46153846153846156,0.17733990147783252,0.3333333333333333,0.22857142857142856,0.5185185185185185,0.4666666666666667,0.0,0.770904925544101,0.37972166998011925,1.0,0.17142857142857143,0.13333333333333333,0.23233082706766914,0.3622458424973357,0,Keep
Poulsen,Leipzig,Forward,0.4,0.8,0.3076923076923077,0.059113300492610835,0.2,0.22857142857142856,0.2962962962962963,0.06666666666666667,0.4,0.21802214585719742,0.08548707753479125,0.0,0.05714285714285714,0.0,0.14135338345864662,0.21735636424752017,0,Keep
Pulišić,Chelsea,Midfielder,0.48,0.0,0.5384615384615385,0.059113300492610835,0.2,0.0,0.2962962962962963,0.26666666666666666,0.0,0.8213058419243986,0.2445328031809145,0.4,0.22857142857142856,0.0,0.35563909774436087,0.25937246488921434,0,Keep
Rabiot,Juventus,Midfielder,0.64,0.8,0.5384615384615385,0.5320197044334976,0.7333333333333333,0.2857142857142857,0.4444444444444444,0.26666666666666666,0.8,0.8625429553264605,0.5308151093439363,0.32,0.2857142857142857,0.0,0.5082706766917292,0.5031988666753452,0,Keep
Rafa Mir,Sevilla,Forward,0.8,0.4,0.46153846153846156,0.059113300492610835,0.0,0.17142857142857143,0.2222222222222222,0.06666666666666667,0.4,0.4012982054219168,0.09145129224652086,0.8,0.11428571428571428,0.0,0.27368421052631575,0.2841125763219334,0,Keep
Rafa Silva,Benfica,Forward,0.72,1.0,0.6923076923076923,0.41379310344827586,0.8,0.05714285714285714,0.5925925925925926,0.9333333333333333,0.8,0.6655211912943872,0.3717693836978131,0.592,0.45714285714285713,0.13333333333333333,0.6443609022556391,0.5915531497699187,0,Keep
Rafael Leão,Milan,Forward,0.08,0.0,0.3076923076923077,0.11822660098522167,0.3333333333333333,0.17142857142857143,0.2962962962962963,0.13333333333333333,0.4,0.625811378388698,0.11332007952286281,0.432,0.6285714285714286,0.0,0.24360902255639094,0.25890815680722956,0,Keep
Rakip,Malmö,Midfielder,0.24,0.0,0.46153846153846156,0.07881773399014778,0.4,0.05714285714285714,0.8888888888888888,0.4,0.4,0.6059564719358534,0.1332007952286282,0.8,0.11428571428571428,0.26666666666666666,0.2699248120300752,0.34109482678048614,0,Keep
Rakitić,Sevilla,Midfielder,0.56,0.8,0.38461538461538464,0.21674876847290642,0.3333333333333333,0.05714285714285714,0.4444444444444444,0.2,0.4,0.6884306987399771,0.294234592445328,0.336,0.7999999999999999,0.9333333333333333,0.27368421052631575,0.44813117487025866,0,Keep
Rakitskyy,Zenit,Defender,0.56,0.8,0.46153846153846156,0.6305418719211823,0.8,1.0,0.14814814814814814,0.2,0.4,0.7510500190912563,0.6918489065606361,0.448,0.7999999999999999,1.0,0.3932330827067669,0.6056240326644301,0,Keep
Rashford,Man. United,Forward,0.8,1.0,0.38461538461538464,0.059113300492610835,0.06666666666666667,0.0,0.2222222222222222,0.26666666666666666,0.4,0.7006491027109585,0.21868787276341947,0.32,0.2857142857142857,0.06666666666666667,0.22180451127819548,0.33418711198647183,0,Keep
Reinildo,Atlético,Defender,0.0,0.0,0.0,1.0,0.8666666666666667,1.0,1.0,1.0,0.8,0.0,0.0,0.0,0.0,0.0,0.0,0.3777777777777778,0,Keep
Reinildo,LOSC,Defender,0.0,0.0,0.0,0.0,0.0,0.0,0.0,0.0,0.0,0.7418862161130202,0.7236580516898607,0.48,0.5714285714285714,0.7333333333333333,0.6676691729323307,0.2611983563664744,0,Keep
Renan Lodi,Atlético,Defender,0.32,0.4,0.7692307692307693,0.45320197044334976,1.0,0.45714285714285713,1.0,0.4,0.0,0.706758304696449,0.32604373757455263,0.4,1.0,0.3333333333333333,0.4639097744360902,0.5353080497904935,0,Keep
Renato Sanches,LOSC,Midfielder,0.32,0.4,0.38461538461538464,0.23645320197044334,0.2,0.34285714285714286,0.6666666666666666,0.5333333333333333,0.0,0.7311951126384117,0.4055666003976143,0.176,0.5142857142857142,0.3333333333333333,0.3699248120300752,0.3742820868085413,0,Keep
Reus,Dortmund,Midfielder,1.0,1.0,0.46153846153846156,0.2955665024630542,0.06666666666666667,0.39999999999999997,0.2962962962962963,0.2,0.4,0.770904925544101,0.4274353876739562,0.112,0.7999999999999999,0.5333333333333333,0.4714285714285714,0.48234467632962935,0,Keep
Ricardo Esgaio,Sporting CP,Defender,0.16,0.4,0.6153846153846154,0.33497536945812806,0.4666666666666667,0.2857142857142857,0.5185185185185185,0.2,0.4,0.6578846888125238,0.3399602385685884,0.528,0.17142857142857143,0.4666666666666667,0.36691729323308264,0.39414112763010983,0,Keep
Ricca,Club Brugge,Defender,0.24,0.0,0.3076923076923077,0.23645320197044334,0.0,0.6285714285714286,0.0,0.0,0.0,0.6533027873234059,0.12127236580516898,0.4,0.22857142857142856,0.06666666666666667,0.16466165413533831,0.2031461227157459,0,Keep
Rieder,Young Boys,Midfielder,0.48,1.0,0.46153846153846156,0.27586206896551724,0.5333333333333333,0.17142857142857143,0.4444444444444444,0.06666666666666667,0.0,0.567773959526537,0.19483101391650098,0.176,0.5142857142857142,0.2,0.29097744360902256,0.35847611184765127,0,Keep
Rits,Club Brugge,Midfielder,0.64,0.8,0.46153846153846156,0.27586206896551724,0.3333333333333333,0.11428571428571428,0.14814814814814814,0.26666666666666666,0.0,0.6823214967544866,0.25646123260437376,0.528,0.17142857142857143,0.2,0.4052631578947368,0.35222059010800066,0,Keep
Robertson,Liverpool,Defender,0.4,0.4,0.7692307692307693,0.8669950738916257,0.26666666666666666,0.7999999999999999,0.37037037037037035,0.2,0.4,0.7418862161130202,0.9999999999999999,0.4,1.0,1.0,0.7345864661654136,0.6233157041625245,0,Keep
Rodri,Man. City,Midfielder,0.48,1.0,0.7692307692307693,1.0,0.9333333333333333,0.2857142857142857,1.0,0.26666666666666666,0.8,0.9419625811378389,0.9999999999999999,0.0,0.05714285714285714,0.8666666666666667,0.8616541353383458,0.6841580863487177,0,Keep
Rodrygo,Real Madrid,Forward,1.0,1.0,0.8461538461538463,0.27586206896551724,0.13333333333333333,0.17142857142857143,0.37037037037037035,0.7333333333333333,0.4,0.6884306987399771,0.415506958250497,0.608,0.7428571428571429,0.2,0.493984962406015,0.538617419055907,0,Keep
Romagnoli,Milan,Defender,0.08,0.0,0.38461538461538464,0.6305418719211823,0.6666666666666666,1.0,0.2962962962962963,0.0,0.0,0.8228331424207713,0.43936381709741545,0.0,0.05714285714285714,0.4666666666666667,0.3360902255639098,0.34534779522607667,0,Keep
Ronald Araújo,Barcelona,Defender,0.24,0.0,0.38461538461538464,0.37438423645320196,0.5333333333333333,0.5142857142857142,0.07407407407407407,0.3333333333333333,0.4,0.8167239404352806,0.3817097415506958,0.528,0.17142857142857143,0.6,0.27368421052631575,0.375038169335727,0,Keep
Ronaldo,Man. United,Forward,1.0,0.8,0.5384615384615385,0.09852216748768473,0.2,0.34285714285714286,0.2962962962962963,0.7333333333333333,0.4,0.8350515463917527,0.4055666003976143,0.96,0.2857142857142857,0.26666666666666666,0.44511278195488724,0.5071721573040802,0,Keep
Rosier,Beşiktaş,Defender,0.08,0.0,0.38461538461538464,0.45320197044334976,0.4666666666666667,0.5142857142857142,0.2962962962962963,0.2,0.0,0.7922871324933183,0.35188866799204765,0.224,0.7999999999999999,0.2,0.35187969924812024,0.3410081021360599,0,Keep
Roussillon,Wolfsburg,Defender,0.08,0.0,0.46153846153846156,0.5320197044334976,0.2,0.45714285714285713,0.2962962962962963,0.13333333333333333,0.8,0.7052310042000765,0.26043737574552683,0.0,0.39999999999999997,0.0,0.31278195488721805,0.3092520658384845,0,Keep
Rúben Dias,Man. City,Defender,0.32,1.0,0.6153846153846154,0.8866995073891626,0.7333333333333333,0.9142857142857143,0.4444444444444444,0.06666666666666667,0.0,0.9175257731958761,0.9224652087475148,0.0,0.0,0.5333333333333333,0.6248120300751879,0.53193004179039,0,Keep
Rüdiger,Chelsea,Defender,0.88,0.8,0.6923076923076923,0.9064039408866995,0.6,0.9142857142857143,0.8148148148148148,0.2,0.8,0.8823978617793051,0.9999999999999999,0.0,0.22857142857142856,0.8,0.6646616541353384,0.6788962071187328,0,Keep
S. Thill,Sheriff,Midfielder,1.0,0.8,0.46153846153846156,0.27586206896551724,0.8,0.9142857142857143,0.14814814814814814,0.13333333333333333,0.4,0.7434135166093929,0.40954274353876735,0.368,0.9714285714285714,1.0,0.5774436090225563,0.6001997444580309,0,Keep
Sabitzer,Bayern,Midfielder,0.4,0.4,0.38461538461538464,0.13793103448275862,0.06666666666666667,0.0,0.2222222222222222,0.0,0.4,0.8136693394425354,0.16500994035785285,0.0,0.2857142857142857,0.13333333333333333,0.1473684210526316,0.23710204185917805,0,Keep
Saelemaekers,Milan,Midfielder,0.32,0.8,0.46153846153846156,0.4729064039408867,0.3333333333333333,0.11428571428571428,0.5185185185185185,0.4666666666666667,0.4,0.6869033982436046,0.3618290258449304,0.448,0.39999999999999997,0.06666666666666667,0.4308270676691729,0.4187650171138638,0,Keep
Salah,Liverpool,Forward,1.0,1.0,1.0,0.23645320197044334,0.0,0.0,0.2962962962962963,0.8,0.0,0.7434135166093929,0.8469184890656063,0.14400000000000002,0.6285714285714286,0.06666666666666667,0.8421052631578947,0.506961657489182,0,Keep
Sancho,Man. United,Midfielder,0.4,0.4,0.5384615384615385,0.19704433497536947,0.0,0.11428571428571428,0.0,0.0,0.0,0.8121420389461627,0.4015904572564612,0.0,0.22857142857142856,0.0,0.3157894736842105,0.22719233241205902,0,Keep
Sané,Bayern,Midfielder,1.0,1.0,0.7692307692307693,0.45320197044334976,0.06666666666666667,0.0,0.14814814814814814,0.3333333333333333,0.0,0.828942344406262,0.7912524850894631,0.41600000000000004,1.0,0.5333333333333333,0.706766917293233,0.5364583978629706,0,Keep
Sarabia,Sporting CP,Forward,0.48,0.8,0.6153846153846154,0.17733990147783252,0.4,0.05714285714285714,0.2222222222222222,0.8,0.0,0.5952653684612448,0.27833001988071565,0.848,0.7428571428571429,0.26666666666666666,0.5007518796992481,0.452264044919503,0,Keep
Sarr,Bayern,Defender,0.16,0.4,0.38461538461538464,0.059113300492610835,0.06666666666666667,0.05714285714285714,0.2222222222222222,0.2,0.4,0.8808705612829324,0.14314115308151093,0.4,0.22857142857142856,0.0,0.13007518796992482,0.24882791746970254,0,Keep
Savić,Atlético,Defender,0.16,0.4,0.38461538461538464,0.6699507389162561,0.4,0.9714285714285714,0.07407407407407407,0.06666666666666667,0.4,0.7403589156166477,0.37972166998011925,0.0,0.0,0.6,0.3879699248120301,0.3756523964073166,0,Keep
Saúl Ñíguez,Chelsea,Midfielder,0.4,0.0,0.38461538461538464,0.15763546798029557,0.26666666666666666,0.2857142857142857,0.2222222222222222,0.06666666666666667,0.0,0.6914852997327225,0.18290258449304173,0.0,0.5142857142857142,0.0,0.17293233082706766,0.22300844154693786,0,Keep
Schuurs,Ajax,Defender,0.16,0.0,0.23076923076923078,0.2561576354679803,0.3333333333333333,0.11428571428571428,0.14814814814814814,0.0,0.4,0.8823978617793051,0.220675944333996,0.0,0.0,0.4,0.10827067669172932,0.21693590298729584,0,Keep
Seiwald,Salzburg,Midfielder,0.32,0.4,0.6153846153846154,0.8669950738916257,1.0,0.5142857142857142,1.0,0.2,0.8,0.5570828560519283,0.5129224652087475,0.32,1.0,0.6,0.6413533834586466,0.6232016072187518,0,Keep
Sergio Busquets,Barcelona,Midfielder,0.16,0.4,0.46153846153846156,0.5714285714285714,1.0,0.17142857142857143,0.6666666666666666,0.9333333333333333,0.4,0.8625429553264605,0.7594433399602385,0.0,0.0,1.0,0.48045112781954885,0.5244555351667902,0,Keep
Shaparenko,Dynamo Kyiv,Midfielder,0.56,0.0,0.46153846153846156,0.6502463054187192,0.7333333333333333,0.22857142857142856,0.5185185185185185,0.5333333333333333,0.4,0.8365788468881252,0.6381709741550695,0.704,0.5142857142857142,1.0,0.5165413533834586,0.5530078846284108,0,Keep
Shaw,Man. United,Defender,0.08,0.0,0.38461538461538464,0.39408866995073893,0.4,0.11428571428571428,0.5185185185185185,0.3333333333333333,0.8,0.7220313096601756,0.46322067594433397,0.464,0.9714285714285714,0.4,0.27518796992481204,0.4213806765107722,0,Keep
Siebatcheu,Young Boys,Forward,0.8,0.4,0.46153846153846156,0.09852216748768473,0.06666666666666667,0.11428571428571428,0.5185185185185185,0.2,0.0,0.5463917525773196,0.1272365805168986,0.0,0.0,0.0,0.26766917293233083,0.24005526896823967,0,Keep
Sierro,Young Boys,Midfielder,0.4,0.4,0.38461538461538464,0.19704433497536947,0.06666666666666667,0.39999999999999997,0.37037037037037035,0.0,0.8,0.6090110729285989,0.22664015904572563,0.96,0.2857142857142857,0.26666666666666666,0.21428571428571427,0.37206764368458545,0,Keep
Simakan,Leipzig,Defender,0.08,0.0,0.3076923076923077,0.43349753694581283,0.3333333333333333,0.45714285714285713,0.4444444444444444,0.2,0.8,0.9083619702176404,0.3141153081510934,1.0,0.05714285714285714,0.4666666666666667,0.24060150375939848,0.4028665856997608,0,Keep
Sobol,Club Brugge,Defender,0.16,0.0,0.3076923076923077,0.27586206896551724,0.26666666666666666,0.6285714285714286,0.2222222222222222,0.13333333333333333,0.0,0.6487208858342879,0.1908548707753479,0.4,0.22857142857142856,0.06666666666666667,0.293984962406015,0.2548764561136815,0,Keep
Solet,Salzburg,Defender,0.16,0.0,0.38461538461538464,0.7093596059113301,0.06666666666666667,1.0,0.2962962962962963,0.0,0.0,0.7953417334860633,0.2823061630218688,0.0,0.0,0.4,0.2924812030075188,0.29247113686700854,0,Keep
Solomon,Shakhtar Donetsk,Midfielder,0.56,0.8,0.38461538461538464,0.11822660098522167,0.0,0.0,0.14814814814814814,0.13333333333333333,0.0,0.8778159602901872,0.2703777335984095,0.0,0.2857142857142857,0.0,0.31804511278195485,0.25975177063112836,0,Keep
Souza,Beşiktaş,Midfielder,0.24,0.4,0.38461538461538464,0.7881773399014779,1.0,0.5142857142857142,0.5185185185185185,0.2,1.0,0.8350515463917527,0.5308151093439363,0.0,0.05714285714285714,0.8666666666666667,0.4172932330827067,0.5168377579966009,0,Keep
Sowah,Club Brugge,Forward,0.48,1.0,0.38461538461538464,0.21674876847290642,0.4666666666666667,0.22857142857142856,0.37037037037037035,0.13333333333333333,0.0,0.5295914471172205,0.21868787276341947,0.112,0.7999999999999999,0.0,0.28872180451127816,0.3486204717614672,0,Keep
Steffen,Wolfsburg,Midfielder,0.4,0.4,0.38461538461538464,0.11822660098522167,0.2,0.34285714285714286,0.37037037037037035,0.26666666666666666,0.8,0.6456662848415426,0.16699801192842942,0.8,0.11428571428571428,0.0,0.23383458646616542,0.34956805086777576,0,Keep
Stepanenko,Shakhtar Donetsk,Midfielder,0.08,0.0,0.3076923076923077,0.15763546798029557,0.26666666666666666,0.17142857142857143,0.5185185185185185,0.0,0.0,0.9434898816342114,0.29025844930417494,0.0,0.05714285714285714,0.26666666666666666,0.23007518796992482,0.2193049716669463,0,Keep
Sterling,Man. City,Forward,1.0,0.8,0.9230769230769231,0.13793103448275862,0.2,0.0,1.0,0.6666666666666666,0.4,0.8533791523482246,0.40954274353876735,0.192,0.45714285714285713,0.06666666666666667,0.5345864661654135,0.5093995006725519,0,Keep
Stones,Man. City,Defender,0.48,0.4,0.6153846153846154,0.6502463054187192,0.06666666666666667,0.45714285714285713,0.2222222222222222,0.2,0.4,0.9450171821305844,0.9999999999999999,0.0,0.05714285714285714,0.5333333333333333,0.5503759398496241,0.4385021319527653,0,Keep
Suso,Sevilla,Forward,0.64,0.4,0.3076923076923077,0.07881773399014778,0.06666666666666667,0.0,0.37037037037037035,0.4,0.4,0.7556319205803743,0.19681908548707752,0.368,0.9714285714285714,0.13333333333333333,0.1894736842105263,0.35188224491729164,0,Keep
Sutormin,Zenit,Midfielder,0.16,0.0,0.3076923076923077,0.09852216748768473,0.06666666666666667,0.17142857142857143,0.07407407407407407,0.06666666666666667,0.0,0.8701794578083237,0.3180914512922465,0.528,0.34285714285714286,0.26666666666666666,0.25789473684210523,0.23524932729883044,0,Keep
Sučić,Salzburg,Midfielder,0.96,1.0,0.6153846153846154,0.43349753694581283,0.13333333333333333,0.17142857142857143,0.2962962962962963,0.13333333333333333,0.0,0.5250095456281025,0.3856858846918489,0.336,0.7999999999999999,0.26666666666666666,0.4917293233082707,0.43655767380112337,0,Keep
Sydorchuk,Dynamo Kyiv,Midfielder,0.24,0.0,0.46153846153846156,0.729064039408867,0.3333333333333333,0.45714285714285713,0.2222222222222222,0.26666666666666666,0.8,0.8319969453990073,0.5904572564612326,0.0,0.05714285714285714,0.8666666666666667,0.5195488721804511,0.4250520118775081,0,Keep
Syrota,Dynamo Kyiv,Defender,0.08,0.0,0.38461538461538464,0.45320197044334976,0.26666666666666666,1.0,0.2962962962962963,0.0,0.0,0.8106147384497899,0.4453280318091451,0.0,0.0,0.26666666666666666,0.40601503759398494,0.2939603195027523,0,Keep
Szoboszlai,Leipzig,Midfielder,0.32,0.0,0.3076923076923077,0.07881773399014778,0.0,0.11428571428571428,0.07407407407407407,0.2,0.0,0.7220313096601756,0.20874751491053675,0.704,0.5142857142857142,0.3333333333333333,0.20225563909774433,0.2519682227553165,0,Keep
Sérgio Oliveira,Porto,Midfielder,0.16,0.0,0.46153846153846156,0.27586206896551724,0.4666666666666667,0.34285714285714286,0.37037037037037035,0.06666666666666667,0.4,0.6792668957617412,0.2524850894632206,0.72,1.0,0.8666666666666667,0.29849624060150376,0.42405841797053057,0,Keep
Süle,Bayern,Defender,0.24,0.0,0.5384615384615385,0.7881773399014779,0.2,0.6857142857142857,0.2962962962962963,0.13333333333333333,0.0,0.9495990836197021,0.8528827037773359,0.0,0.11428571428571428,0.6,0.4616541353383458,0.39069362871520197,0,Keep
T. Hazard,Dortmund,Midfielder,0.24,0.4,0.23076923076923078,0.07881773399014778,0.13333333333333333,0.05714285714285714,0.0,0.0,0.0,0.7357770141275297,0.13121272365805167,0.528,0.34285714285714286,0.06666666666666667,0.14285714285714285,0.2058289230268069,0,Keep
T. Hernández,Milan,Defender,0.24,0.4,0.38461538461538464,0.41379310344827586,0.3333333333333333,0.6285714285714286,0.37037037037037035,0.6,0.8,0.7037037037037037,0.4274353876739562,0.496,0.9142857142857143,0.4666666666666667,0.3864661654135338,0.5043494172054912,0,Keep
Taarabt,Benfica,Midfielder,0.0,0.0,0.0,0.2561576354679803,0.26666666666666666,0.05714285714285714,0.37037037037037035,0.26666666666666666,0.8,0.7785414280259642,0.2962226640159045,0.0,0.22857142857142856,0.4,0.3398496240601504,0.2706792893991993,0,Keep
Tadić,Ajax,Forward,0.96,1.0,0.5384615384615385,0.23645320197044334,0.13333333333333333,0.05714285714285714,0.8148148148148148,0.6,0.0,0.6594119893088966,0.6023856858846918,0.6880000000000001,1.0,0.5333333333333333,0.5932330827067669,0.5611046557971117,0,Keep
Taremi,Porto,Forward,1.0,1.0,0.46153846153846156,0.23645320197044334,0.13333333333333333,0.39999999999999997,0.6666666666666666,0.4,0.4,0.5769377625047729,0.21471172962226637,0.0,0.05714285714285714,0.0,0.4556390977443609,0.40016154070154414,0,Keep
Tetê,Shakhtar Donetsk,Forward,0.72,1.0,0.46153846153846156,0.11822660098522167,0.06666666666666667,0.0,0.4444444444444444,0.6666666666666666,0.0,0.824360442917144,0.25646123260437376,0.0,0.22857142857142856,0.0,0.33458646616541354,0.3414348273706547,0,Keep
Thiago Alcántara,Liverpool,Midfielder,0.72,0.0,0.7692307692307693,0.7881773399014779,1.0,0.2857142857142857,0.37037037037037035,0.4666666666666667,0.4,0.905307369224895,0.9999999999999999,0.8,0.11428571428571428,0.8,0.5857142857142857,0.6003644534072309,0,Keep
Thiago Silva,Chelsea,Defender,0.56,1.0,0.6923076923076923,1.0,0.6,0.9714285714285714,0.4444444444444444,0.3333333333333333,0.4,0.9251622756777396,0.9999999999999999,1.0,0.11428571428571428,1.0,0.5390977443609023,0.7053373183892264,0,Keep
Tiago Djaló,LOSC,Defender,0.08,0.0,0.5384615384615385,0.768472906403941,0.5333333333333333,1.0,0.37037037037037035,0.5333333333333333,0.4,0.7770141275295916,0.5487077534791251,0.0,0.17142857142857143,0.2,0.4548872180451128,0.4250672768256612,0,Keep
Tiago Tomás,Sporting CP,Forward,0.32,0.0,0.38461538461538464,0.03940886699507389,0.3333333333333333,0.0,0.2222222222222222,0.26666666666666666,0.4,0.37075219549446353,0.05367793240556659,0.528,0.17142857142857143,0.0,0.1661654135338346,0.21708470577967445,0,Keep
Tolisso,Bayern,Midfielder,0.32,0.0,0.3076923076923077,0.2955665024630542,0.2,0.11428571428571428,0.37037037037037035,0.2,0.0,0.828942344406262,0.3916500994035785,0.0,0.11428571428571428,0.4,0.23533834586466165,0.2518754265847776,0,Keep
Tolói,Atalanta,Defender,0.32,0.0,0.3076923076923077,0.6699507389162561,0.4,0.34285714285714286,0.2222222222222222,0.06666666666666667,0.0,0.7754868270332187,0.4592445328031809,0.8,0.5714285714285714,0.3333333333333333,0.3398496240601504,0.37391546446753665,0,Keep
Tomori,Milan,Defender,0.24,0.0,0.38461538461538464,0.5911330049261084,0.6666666666666666,1.0,0.5185185185185185,0.26666666666666666,0.8,0.838106147384498,0.3856858846918489,0.0,0.0,0.2,0.3413533834586466,0.41551637712855594,0,Keep
Tonali,Milan,Midfielder,0.16,0.4,0.46153846153846156,0.41379310344827586,0.13333333333333333,0.34285714285714286,0.2222222222222222,0.4,0.0,0.7021764032073312,0.36580516898608345,0.528,0.5142857142857142,0.9333333333333333,0.3338345864661654,0.39407863131187093,0,Keep
Traore,Sheriff,Midfielder,0.88,0.4,0.46153846153846156,0.33497536945812806,0.3333333333333333,0.45714285714285713,0.5925925925925926,0.4666666666666667,0.0,0.6945399007254678,0.20874751491053675,0.528,0.17142857142857143,0.06666666666666667,0.4842105263157895,0.40532283071860475,0,Keep
Trigueros,Villarreal,Midfielder,0.48,0.0,0.6923076923076923,0.15763546798029557,0.4,0.22857142857142856,0.2222222222222222,0.4,0.0,0.7449408171057657,0.2823061630218688,0.0,0.11428571428571428,0.26666666666666666,0.3225563909774436,0.2874328375426065,0,Keep
Tsimikas,Liverpool,Defender,0.0,0.0,0.0,0.5123152709359606,0.13333333333333333,0.5714285714285714,0.2962962962962963,0.5333333333333333,0.0,0.7037037037037037,0.39960238568588463,0.352,1.0,0.5333333333333333,0.32105263157894737,0.35709325730862423,0,Keep
Tsygankov,Dynamo Kyiv,Midfielder,0.72,1.0,0.46153846153846156,0.39408866995073893,0.3333333333333333,0.34285714285714286,0.2222222222222222,0.3333333333333333,0.4,0.796869033982436,0.34592445328031807,0.352,0.5142857142857142,0.2,0.4947368421052631,0.46074594712593103,0,Keep
Ugarte,Sporting CP,Midfielder,0.0,0.0,0.0,0.13793103448275862,0.4666666666666667,0.05714285714285714,0.5185185185185185,0.5333333333333333,0.4,0.7861779305078274,0.147117296222664,0.8,0.11428571428571428,0.2,0.22255639097744362,0.29224864947585216,0,Keep
Ulmer,Salzburg,Defender,0.4,0.8,0.6153846153846154,0.8078817733990148,0.4,1.0,0.9629629629629629,0.13333333333333333,0.8,0.5250095456281025,0.5506958250497017,0.0,0.9142857142857143,0.3333333333333333,0.6330827067669172,0.5917313206762463,0,Keep
Upamecano,Bayern,Defender,0.16,0.4,0.6153846153846154,0.9064039408866995,0.26666666666666666,0.9142857142857143,0.7407407407407407,0.3333333333333333,1.0,0.9251622756777396,0.9999999999999999,0.0,0.11428571428571428,0.7333333333333333,0.6187969924812029,0.5818928884717173,0,Keep
Uribe,Porto,Midfielder,0.24,0.4,0.3076923076923077,0.5517241379310345,0.8,0.05714285714285714,0.4444444444444444,0.06666666666666667,1.0,0.7785414280259642,0.22266401590457255,0.0,0.05714285714285714,0.13333333333333333,0.2766917293233082,0.3557362518404898,0,Keep
Valverde,Real Madrid,Midfielder,0.72,1.0,0.8461538461538463,0.5714285714285714,0.8666666666666667,0.5714285714285714,0.2962962962962963,0.3333333333333333,0.8,0.8075601374570449,0.7852882703777335,0.32,0.8571428571428571,0.06666666666666667,0.7270676691729323,0.6379355257416346,0,Keep
Van Der Brempt,Club Brugge,Defender,0.0,0.0,0.0,0.21674876847290642,0.3333333333333333,0.11428571428571428,0.37037037037037035,0.26666666666666666,0.0,0.5540282550591829,0.11530815109343935,0.448,0.39999999999999997,0.13333333333333333,0.16165413533834586,0.20758191519688615,0,Keep
Van Dijk,Liverpool,Defender,0.48,0.8,0.6923076923076923,1.0,0.2,1.0,0.2962962962962963,0.13333333333333333,0.4,0.8885070637647958,0.9999999999999999,0.0,0.05714285714285714,0.6666666666666666,0.6225563909774435,0.5491206866992723,0,Keep
Van de Beek,Man. United,Midfielder,0.08,0.0,0.3076923076923077,0.21674876847290642,0.5333333333333333,0.17142857142857143,0.2962962962962963,0.13333333333333333,0.4,0.7602138220694923,0.23260437375745524,0.0,0.0,0.06666666666666667,0.17669172932330826,0.2250006134915781,0,Keep
Vanaken,Club Brugge,Midfielder,0.96,1.0,0.46153846153846156,0.43349753694581283,0.06666666666666667,0.17142857142857143,0.2222222222222222,0.3333333333333333,0.0,0.7831233295150821,0.5725646123260437,1.0,0.05714285714285714,0.4666666666666667,0.5218045112781955,0.4699992512709275,0,Keep
Varane,Man. United,Defender,0.16,0.0,0.38461538461538464,0.6699507389162561,0.0,1.0,0.2222222222222222,0.13333333333333333,0.4,0.8472699503627339,0.48707753479125243,0.0,0.0,0.4,0.2571428571428572,0.330774134758936,0,Keep
Verissimo,Benfica,Defender,0.16,0.0,0.23076923076923078,0.45320197044334976,0.13333333333333333,0.6285714285714286,0.14814814814814814,0.06666666666666667,0.4,0.770904925544101,0.220675944333996,0.0,0.0,0.4,0.2270676691729323,0.25595595446554575,0,Keep
Verratti,Paris,Midfielder,0.0,0.0,0.0,0.43349753694581283,1.0,0.22857142857142856,0.37037037037037035,0.6666666666666666,0.8,0.9236349751813671,0.8667992047713717,0.0,0.11428571428571428,0.9333333333333333,0.418796992481203,0.45039708150715113,0,Keep
Vertonghen,Benfica,Defender,0.56,0.8,0.7692307692307693,1.0,0.6,1.0,0.37037037037037035,0.26666666666666666,0.0,0.7754868270332187,0.8429423459244532,0.0,0.05714285714285714,0.6,0.7360902255639098,0.558528670795483,0,Keep
Vidal,Inter,Midfielder,0.24,0.4,0.5384615384615385,0.5911330049261084,1.0,0.5142857142857142,0.7407407407407407,0.4,0.4,0.8839251622756779,0.5049701789264412,1.0,0.17142857142857143,0.2,0.4,0.5323296607363196,0,Keep
Vinícius Júnior,Real Madrid,Forward,1.0,1.0,1.0,0.5714285714285714,0.7333333333333333,0.0,0.9629629629629629,1.0,0.4,0.7724322260404735,0.8966202783300198,0.496,1.0,0.0,1.0,0.7221851581396908,0,Keep
Vitinha,Porto,Midfielder,0.32,1.0,0.46153846153846156,0.23645320197044334,0.26666666666666666,0.05714285714285714,0.2222222222222222,0.0,0.8,0.8747613592974417,0.2823061630218688,0.0,0.6285714285714286,0.4,0.23383458646616542,0.3855664631265038,0,Keep
Vormer,Club Brugge,Midfielder,0.16,0.4,0.3076923076923077,0.059113300492610835,0.26666666666666666,0.05714285714285714,0.2222222222222222,0.0,0.0,0.770904925544101,0.15904572564612324,0.32,0.5714285714285714,0.3333333333333333,0.1571428571428571,0.25231285115411,0,Keep
Vranckx,Wolfsburg,Midfielder,0.08,0.0,0.3076923076923077,0.33497536945812806,0.26666666666666666,0.17142857142857143,0.5925925925925926,0.4666666666666667,0.0,0.725085910652921,0.18886679920477134,0.8,0.34285714285714286,0.06666666666666667,0.3120300751879699,0.3103685846049603,0,Keep
Vrsaljko,Atlético,Defender,0.16,0.0,0.38461538461538464,0.45320197044334976,0.4,0.45714285714285713,0.8888888888888888,0.13333333333333333,0.4,0.5051546391752577,0.15904572564612324,0.32,0.2857142857142857,0.06666666666666667,0.2774436090225564,0.3260804907099135,0,Keep
Walker,Man. City,Defender,0.16,0.4,0.5384615384615385,0.6699507389162561,0.2,0.6285714285714286,0.2222222222222222,0.06666666666666667,0.0,0.8258877434135166,0.7892644135188867,0.14400000000000002,0.6285714285714286,0.13333333333333333,0.481954887218045,0.39259229339288826,0,Keep
Wan-Bissaka,Man. United,Defender,0.08,0.4,0.46153846153846156,0.5517241379310345,0.8,0.6857142857142857,0.2962962962962963,0.13333333333333333,0.0,0.7983963344788088,0.5049701789264412,0.0,0.5142857142857142,0.13333333333333333,0.3451127819548872,0.38031365718617305,0,Keep
Weah,LOSC,Forward,0.4,1.0,0.38461538461538464,0.09852216748768473,0.06666666666666667,0.17142857142857143,0.14814814814814814,0.13333333333333333,0.0,0.7403589156166477,0.13121272365805167,0.4,0.22857142857142856,0.0,0.22105263157894733,0.27492733140699094,0,Keep
Weghorst,Wolfsburg,Forward,0.64,0.4,0.38461538461538464,0.19704433497536947,0.2,0.17142857142857143,0.7407407407407407,0.4,0.8,0.6487208858342879,0.18290258449304173,0.0,0.0,0.0,0.3714285714285714,0.34245873823439776,0,Keep
Weigl,Benfica,Midfielder,0.16,0.4,0.6923076923076923,0.6896551724137931,1.0,0.6857142857142857,0.7407407407407407,0.3333333333333333,0.8,0.864070255822833,0.6978131212723657,0.0,0.17142857142857143,0.5333333333333333,0.8421052631578947,0.5740334513016562,0,Keep
Welinton,Beşiktaş,Defender,0.0,0.0,0.0,0.6108374384236454,0.8666666666666667,0.6285714285714286,0.4444444444444444,0.06666666666666667,0.4,0.7479954180985109,0.36381709741550694,0.0,0.22857142857142856,0.4666666666666667,0.24812030075187969,0.3381571704184563,0,Keep
Wendel,Zenit,Midfielder,0.56,0.4,0.46153846153846156,0.43349753694581283,0.5333333333333333,0.34285714285714286,0.2962962962962963,0.5333333333333333,0.4,0.9129438717067584,0.5864811133200795,0.0,0.22857142857142856,0.26666666666666666,0.44436090225563907,0.42665867245499683,0,Keep
Wendell,Porto,Defender,0.08,0.0,0.3076923076923077,0.07881773399014778,0.4,0.11428571428571428,0.5185185185185185,0.06666666666666667,0.4,0.7983963344788088,0.1033797216699801,0.0,0.0,0.2,0.12030075187969924,0.21253718327878957,0,Keep
Werner,Chelsea,Forward,0.8,1.0,0.38461538461538464,0.15763546798029557,0.0,0.0,0.0,0.0,0.0,0.6884306987399771,0.1411530815109344,0.0,0.17142857142857143,0.0,0.22406015037593985,0.2378215569767402,0,Keep
Wijnaldum,Paris,Midfielder,0.32,0.0,0.38461538461538464,0.09852216748768473,0.26666666666666666,0.05714285714285714,0.2962962962962963,0.3333333333333333,0.0,0.9297441771668578,0.19284294234592445,0.0,0.0,0.2,0.23759398496240602,0.2211171873344941,0,Keep
Witsel,Dortmund,Midfielder,0.08,0.0,0.46153846153846156,0.6896551724137931,0.3333333333333333,0.2857142857142857,0.37037037037037035,0.26666666666666666,0.4,0.9266895761741123,0.6182902584493041,0.0,0.0,0.4,0.44962406015037587,0.3521254789873802,0,Keep
Wolf,Dortmund,Midfielder,0.24,0.4,0.38461538461538464,0.059113300492610835,0.3333333333333333,0.17142857142857143,0.2222222222222222,0.0,0.0,0.4990454371897672,0.13121272365805167,0.4,0.45714285714285713,0.0,0.18270676691729323,0.2320547064666728,0,Keep
Wöber,Salzburg,Defender,0.64,0.8,0.5384615384615385,0.768472906403941,0.9333333333333333,1.0,0.5185185185185185,0.2,0.0,0.7098129056891944,0.6242544731610338,0.0,0.11428571428571428,0.8,0.5,0.5431426259902181,0,Keep
Xeka,LOSC,Midfielder,0.32,0.4,0.5384615384615385,0.37438423645320196,0.5333333333333333,0.22857142857142856,0.4444444444444444,0.3333333333333333,1.0,0.729667812142039,0.43339960238568587,0.528,0.5142857142857142,1.0,0.40676691729323305,0.5189765573802634,0,Keep
Yaremchuk,Benfica,Forward,1.0,0.4,0.7692307692307693,0.03940886699507389,0.3333333333333333,0.11428571428571428,0.14814814814814814,0.8666666666666667,0.8,0.5723558610156549,0.20477137176938368,0.0,0.05714285714285714,0.0,0.5,0.3870229059058401,0,Keep
Zabarnyi,Dynamo Kyiv,Defender,0.16,0.0,0.46153846153846156,0.5123152709359606,0.26666666666666666,1.0,0.37037037037037035,0.5333333333333333,0.4,0.8808705612829324,0.4791252485089463,0.0,0.05714285714285714,0.6666666666666666,0.5045112781954887,0.41950271430944563,0,Keep
Zagadou,Dortmund,Defender,0.0,0.0,0.0,0.13793103448275862,0.0,0.17142857142857143,0.14814814814814814,0.0,0.4,0.8319969453990073,0.220675944333996,1.0,0.05714285714285714,0.0,0.0924812030075188,0.20398698026285714,0,Keep
Zaidu,Porto,Defender,0.08,0.0,0.46153846153846156,0.5123152709359606,0.4666666666666667,0.7999999999999999,0.2962962962962963,0.4,0.4,0.6288659793814435,0.30218687872763417,0.4,0.45714285714285713,0.2,0.3451127819548872,0.38334167950961384,0,Keep
Zapata,Atalanta,Forward,1.0,1.0,0.46153846153846156,0.03940886699507389,0.13333333333333333,0.17142857142857143,0.5185185185185185,0.4,0.4,0.5723558610156549,0.25844930417495027,0.32,0.2857142857142857,0.0,0.37669172932330824,0.3958292621361439,0,Keep
Zappacosta,Atalanta,Defender,0.56,0.8,0.46153846153846156,0.19704433497536947,0.26666666666666666,0.17142857142857143,0.4444444444444444,0.7333333333333333,0.4,0.8732340588010692,0.3737574552683896,0.128,0.6857142857142857,0.4,0.38345864661654133,0.45857468391914225,0,Keep
Zeki Çelik,LOSC,Defender,0.32,0.0,0.5384615384615385,0.5714285714285714,0.5333333333333333,0.45714285714285713,0.4444444444444444,0.2,0.4,0.6945399007254678,0.5904572564612326,0.528,0.6857142857142857,0.6,0.5360902255639097,0.473307494218376,0,Keep
Zinchenko,Man. City,Defender,0.48,1.0,0.6153846153846154,0.6108374384236454,0.4,0.45714285714285713,0.37037037037037035,0.2,0.8,0.8472699503627339,0.7077534791252484,0.368,0.7428571428571429,0.26666666666666666,0.4842105263157895,0.5566995364432714,0,Keep
Ziyech,Chelsea,Midfielder,1.0,1.0,0.6923076923076923,0.21674876847290642,0.3333333333333333,0.05714285714285714,0.9629629629629629,0.5333333333333333,0.8,0.6762122947689959,0.4771371769383697,0.41600000000000004,1.0,0.2,0.4022556390977443,0.5844956038905464,0,Keep
Álvarez,Ajax,Midfielder,0.56,0.4,0.5384615384615385,0.5714285714285714,1.0,0.39999999999999997,1.0,0.4,1.0,0.9282168766704848,0.7216699801192842,0.0,0.05714285714285714,0.4666666666666667,0.5488721804511278,0.572830578062702,0,Keep
Éder Militão,Real Madrid,Defender,0.72,0.0,0.9230769230769231,1.0,1.0,1.0,1.0,1.0,1.0,0.8396334478808707,0.9999999999999999,0.0,0.11428571428571428,1.0,0.8300751879699249,0.7618047515475621,0,Keep
Čolak,Malmö,Forward,0.56,0.4,0.46153846153846156,0.07881773399014778,0.13333333333333333,0.11428571428571428,0.8148148148148148,0.4666666666666667,0.4,0.6869033982436046,0.15109343936381708,0.0,0.11428571428571428,0.0,0.47368421052631576,0.3236948991365727,0,Keep
Šeško,Salzburg,Forward,0.48,0.0,0.46153846153846156,0.11822660098522167,0.0,0.05714285714285714,0.2962962962962963,0.0,0.0,0.531118747613593,0.11530815109343935,1.0,0.05714285714285714,0.06666666666666667,0.24135338345864663,0.228319601462536,0,Keep
Škriniar,Inter,Defender,0.8,0.4,0.6153846153846154,0.7487684729064039,0.7333333333333333,1.0,0.37037037037037035,0.4666666666666667,0.4,0.8991981672394045,0.8966202783300198,0.8,0.22857142857142856,0.7333333333333333,0.6398496240601503,0.6488064193463817,0,Keep
